中文,英语,印尼语,西班牙语,阿语,,,,
登录注册页,,,,,,,,
登录,Log in,Login,Iniciar,تسجيل الدخول,,,,
注册,Sign up,Daftar,Registrarse,التسجيل,,,,
输入手机号,Please enter phone number,Masukkan nomor telepon,Escriba número de teléfono por favor,الرجاء إدخال رقم الهاتف,,,,
请输入密码,Please enter password,Masukkan kata sandi,Escriba la contraseña por favor,الرجاء إدخال كلمة المرور,,,,
立即注册,Register now,Daftar segera,Regístrese ahora,تسجيل الان,,,,
忘记密码？,Forget password?,Lupakan kata sandi,¿Contraseña olvidada?,هل نسيت كلمة المرور؟,,,,
选择国家/地区,Select country/region,Memilih negara/wilasah,Seleccione el país/región,اختر البلد / المنطقة,,,,
验证码,Verification code,Kode verifikasi,Código de verificación,رمز التحقق,,,,
发送,Send,Kirim ,Enviar,ارسل,,,,
请输入新密码,Please enter new password,Silahkan masukan kata sandi baru ,Escriba la contraseña nueva por favor,الرجاء إدخال كلمة المرور الجديدة,,,,
重置密码,Reset password,Mengubah kata sandi,Restablecer contraseña,إعادة تعيين كلمة المرور,,,,
请输入昵称,Please enter nickname,Silahkan masukkan nama panggilan,Escriba el apodo por favor,الرجاء إدخال الاسم,,,,
女,Female,Perempuan,Chica,أنثى,,,,
男,Male,Pria,Chico,ذكر,,,,
确认后不得更改性别,You may not  change  the gender after  confirmation,Anda tidak bisa mengubah jenis kelamin setelah konfirmasi,No se puede cambiar el género después de la confirmación,لا تستطيع تغيير الجنس بعد التأكيد,,,,
下一步,Next,Lanjutkan,Siguiente,,,,,
国家/地区,Country / Region,Nagara/wilayah,País/Región,البلد / المنطقة,,,,
选择,Choose,Pilih ,Elegir,اختر,,,,
ok,OK,OK,OK,OK,,,,
首页,尽量翻译短一点,首字母大写,,,,,,
首页,Room,Beranda,Habitación,غرفة,,,,
发现,Discover,Temukan,Descubrir,اكتشاف,,,,
消息,Message,Pesan,Mensajes,رسالة,,,,
我的,Me,Saya,Yo,انا,,,,
热门,Hot,Hot ,Hot,محبب,,,,
推荐,Recommend,Rekmendasi,Recomendar,توصية,,,,
三人房,3 Seats,3 Kursi,3 Asientos,3 مقاعد,,,,
七人房,7 Seats,7 Kursi,7 Asientos,7 مقاعد,,,,
单人房,Single ,1 Kursi,1 Asientos,1 مقعد,,,,
%s 等 %s 人正在直播中,,%dan% sedang siaran,,,,,,
直播中,Living,Sedang siaran,Transmisión en vivo,بث,,,,
更多精彩直播,More exciting live,Siaran yg lebih banyak,Más emocionante en vivo,بث أكثر إثارة,,,,
翻转,Turn over,Balik,Voltear,تقليب,,,,
房间标题,Room topic,Topik ruangan,Tema de la sala,موضوع الغرفة,,,,
好的标题能让更多人看见你,Nice topic can let more user find you,Topik yang bagus dapat membuat lebih banyak pengguna menemukan anda,Un buen tema puede permitir que más usuarios te encuentren,موضوع لطيف يمكن أن تسمح للمستخدمين أكثر تجد لك,,,,
直播,Live,Siaran,Transmisión en vivo,بث,,,,
我已阅读并同意《xxx协议》,I have read and agree to the《xxx agreement》 ,Saya sudah membaca dan menyetujui《Perjanjian xxx》,He leído y acepto el 《acuerdo xxx》 ,لقد قرأت ووافقت على 《xxx الاتفاقية》,,,,
美颜,Beauty,Beauty,Beauty,تجميل,,,,
滤镜,Filter,Filter,Filter,تصفية,,,,
美白,Whitening,Whitening,Whitening,تبييض,,,,
磨皮,Buffing,Buffing,Buffing,صقل,,,,
瘦脸,Thin face,Thin face,Thin face,وجه رقيق,,,,
大眼,Big eyes,Big eyes,Big eyes,عيون كبيرة,,,,
原图,Origin,Origin,Origin,أصل,,,,
自然,Natural,Natural,Natural,طبيعي,,,,
谈雅,Cool,Cool,Cool,رائع,,,,
粉嫩,Blush,Blush,Blush,أحمر خدود,,,,
清新,Fresh,Fresh,Fresh,طازج,,,,
微光,Shimmer,Shimmer,Shimmer,وميض,,,,
盛夏,Midsummer,Midsummer,Midsummer,منتصف الصيف,,,,
晨曦,Dawn,Dawn,Dawn,فجر,,,,
暖风,Warm,Warm,Warm,دافئ,,,,
元气,Vitality,Vitality,Vitality,حيوية,,,,
氧气,Oxygen,Oxygen,Oxygen,الأكسجين,,,,
房间内,尽量翻译短一点,,,,,,,
魅力值,Charm,Karisma,Encanto,الجاذبي,,,,
今日排名,Today's rank,Peringkat hari ini,Ranking de hoy,ترتيب اليوم,,,,
笑声,Laugh,,Risa,ضحك,,,,
快邀请嘉宾上麦互动吧,Let's invite guests to mic Interactive,Cepat mengajarkan tamu naik kursi untuk interaktif,Invite a sus invitados a tomar el micrófono e interactuar.,ندعو الضيوف إلى المايك للتفاعل,,,,
系统通知：官方倡导绿色健康的互动体验，严禁传送色情、赌博、政策等不良信息，一发现，封停账号。,"System notice: The official advocates green and healthy interactive experience, strictly prohibits the transmission of pornography, gambling, policy and other bad information, once found, the account will be banned.  ","Pemberitahuan sistem: Resmi menganjurkan pengalaman interaktif yang aktif dan sehat. Dilarang keras mengirimkan pornografi, perjudian, kebijakan, dan informasi tidak baik. Setelah ditemukan, akun akan diblokir.","Aviso del sistema: Abogar oficialmente por una experiencia interactiva verde y saludable, la transmisión de la pornografía, los juegos de azar, la política y otra información indeseable está estrictamente prohibido, una vez encontrado, la cuenta será bloqueada.",إشعار النظام: يدافع الرسمي عن تجربة تفاعلية خضراء وصحية ، ويحظر اعلان المواد الإباحية والمقامرة والسياسة وغيرها من المعلومات السيئة ، بمجرد العثور عليها ، سيتم حظر الحساب.,,,,
消息,Message,Pasan,Mensajes,رسالة,,,,
翻转相机,Turn over,Balik,Voltear,تقليب,,,,
静音,Mute,Tutup mic ,Mudo,كتم,,,,
麦,Mic,Mic,Mic,مايك,,,,
分享,Share,Membagikan,Compartir,مشاركة,,,,
上麦邀请,Invite mic,undangan naik kursi,Invitar al micrófono,دعوة مايك,,,,
全选择,Select all,semua,Seleccionar todo,اختر الكل,,,,
确定,Confirm,Konfirmasi,Confirmar,تأكيد,,,,
排麦列表,Mic list,Dafrar atur mic,Lista de micrófono,قائمة المايك,,,,
房间名称,Room name,Nama ruangan,Nombre de la habitación,اسم الغرفة,,,,
进房提示,Room entry reminder,Petunjuk masuk ruangan,Recordatorio de entrada a la habitación,تذكير دخول الغرفة,,,,
管理员列表,Admin list,Daftar admin,Lista de administración,قائمة ادمن,,,,
黑名单,Blacklist,Daftar hitam,Lista negra,قائمة سوداء,,,,
清屏,Clear,Bersihkan layar,Aclarar,مسح,,,,
退出,Exit,Keluar,Salir,خروج,,,,
取消,Cancel,Batal,Cancelar,إلغاء,,,,
直播结束,End live,berakhir siaran,Terminar en vivo,إنهاء البث,,,,
直播时长,Live duration,Duasi siaran,Duración en vivo,مدة البث,,,,
观看人数,Number viewers,Jumlah penonton,Número de espectadores,عدد المشاهدين,,,,
收到钻石,Receive diamonds,Diamond yg menerima,Recibe diamantes,استلام الماس,,,,
返回首页,Back home,Balik beranda,Volver a la página de inicio,عودة,,,,
关注,Follow,Follow,Seguir,متابعة,,,,
你可能会喜欢,You may like,mungkin kamu suka,Te podría gustar,يعجبك,,,,
礼物栏,尽量翻译短一点,,,,,,,
普通,Normal,Biasa,Normal,عادي,,,,
背包,Backpack,Ransel,Mochila,حقيبة,,,,
探索,Explore,,Explorar,اكتشاف,,,,
动态,Moment,Moment,Momento,لحظات,,,,
从这遇见TA,Meet He/She from here,Bertemu dia di sini,Conoce a él / ella desde aquí,قابلها/ه من هنا,,,,
筛选,Filter,Saring,Filtrar,غربلة,,,,
点赞,Like,Like,Gustar,اعجاب ,,,,
发消息,Send message,Kirim pesan,Enviar mensaje,أرسل رسالة,,,,
全部,All,semua,Todo,كل,,,,
男,Male,Pria,Chico,ذكر,,,,
女,Female,Perempuan,Chica,أنثى,,,,
动态,尽量翻译短一点,,,,,,,
热门话题,Hot topic,Topik hot,Tema candente,موضوع ساخن,,,,
全部,All,Semua,Todo,كل,,,,
好友,Friend,Teman,Amigos,صديق,,,,
推荐,Recommend,Rekmendasi,Recomendar,توصية,,,,
最新,Newest,Terbaru,Más reciente,أحدث,,,,
发布动态,Post Moment,Post Moment,Publicar momentos,نشر اللحظة,,,,
此刻的感想.....,Thoughts at the moment.....,Perasaan saat ini ,Pensamientos en este momento .....,أفكاري في الوقت الحالي .....,,,,
#请选择今日热门话题,#Please select today's hot topic,Silahkan pilih topik hot hari ini ,#Seleccione el tema candente de hoy,# الرجاء اختر الموضوع الساخن اليوم,,,,
发布,Post,Kirim,Publicar ,نشر ,,,,
发帖参与话题,Post moment to join in the topic,Post moment untuk mengikuti topik ,Publica un momento para unirte al tema,انشر لحظة للانضمام إلى الموضوع,,,,
全部话题,All topics,Semua topik ,Todos temas,كل المواضيع,,,,
话题,Topic,Topik,Tema,الموضوع,,,,
热门话题,Hot topic,Topik hot,Tema candente,موضوع ساخن,,,,
全部,All,Semua ,Todo,كل,,,,
最新,Newest,Terbaru,Más reciente,أحدث,,,,
%s 人参与此话题,%s users participated in this topic,%sorg mengikuti topik ini,%s usuarios participaron en este tema,٪s مستخدم شارك في هذا الموضوع,,,,
%s分钟前,%s min ago,%smenit yang lalu,Hace %s minutos,قبل٪ s دقيقة,,,,
评论,Comment,komentar%s,Comentar,تعليق,,,,
%s 月 %是日,,,,,,,,
刚刚,Just now,Tadi ,Ahora mismo, قبل قليل,,,,
请输入你的评论,Please enter your comment,Silakan masukkan komentar anda,"Introduzca su comentario, por favor",الرجاء إدخال تعليقك,,,,
发消息,Send message,Kirim pesan,Enviar mensaje,أرسل رسالة,,,,
喜欢,Like,Like,Gustar,اعجاب,,,,
更多,More,Lebih banyak,Más,اكثر,,,,
举报,Report,Laporkan,Denunciar,إبلاغ,,,,
取消,Cancel,Batalkan,Cancelar,إلغاء,,,,
还没有人评论这个动态哦~,No one commented on this moment yet~,Belum ada yang mengomentari momen ini,Nadie ha comentado este momento todavía~,لم يعلق أحد على هذه اللحظة بعد ~,,,,
,,,,,,,,
,,,,,,,,
消息页,尽量翻译短一点,,,,,,,
消息,Message,Pesan,Mensaje,رسالة,,,,
好友,Friend,Teman,Amigos,صديق,,,,
申请通知,Application notice,Pemberitahuan aplikasi,Aviso de solicitud,إشعار الطلب,,,,
系统通知,System notice,Pemberitahuan sistem,Aviso del sistema,إشعار النظام,,,,
我点赞的人,Someone I liked,Orang yang aku sukai,Alguien que me gusta,مستخدم الذي اعجبه,,,,
陌生人消息,Stranger message,Pesan orang asing ,Mensajes de desconocidos,رسالة غريبة,,,,
刚刚,Just now,Tadi ,Ahora mismo, قبل قليل,,,,
好友请求,Friend request,Permintaan pertemanan,Solicitud de amistad,طلب صداقة,,,,
我的申请,My request,Permintaan saya,Mi petición,طلبي,,,,
黑名单,Blacklist,Daftar hitam,Lista negra,قائمة سوداء,,,,
同意,Agree,Setuju,Convenir,موافق,,,,
拒绝,Reject,Tolak,Rechazar,رفض,,,,
申请中,Applying,Memproseskan,Aplicando,في الطلب,,,,
已同意,Agreed,Sudah setuju,Convenido,تم المواقفة,,,,
我的,尽量翻译短一点,,,,,,,
好友,Friend,Teman,Amigos,صديق,,,,
关注,Follow,Follow,Seguir,متابعة,,,,
粉丝,Fans,penggemar,Seguidores,معجبون,,,,
钱包,Wallet,Dompet,Billetera,محفظة,,,,
邀请,Invite,Undang,Invitar,دعوة,,,,
任务,Task,Tugas,Tarea,مهمة,,,,
装扮商城,Mall,Mall,Tienda,متجر,,,,
我的公会,My agency,Keluarga saya,Mi agencia,وكالتي,,,,
我的等级,My level,Level saya,Mi nivel,درجتي,,,,
反馈,Feedback,Umpan balik,Realimentación,تعليقات,,,,
设置,Setting,Pengaturan,Configurar,اعدادات,,,,
资料,Information,Data,Información,معلومات,,,,
动态,Moment,Moment,Momento,لحظات,,,,
个性签名,Signature,Bio,Firma,توقيع,,,,
想在这里认识更多的朋友,Want to meet more friends here,Mau mengenal lebih banyak teman di sini ,Quiero conocer más amigos aquí,اريد مقابلة المزيد من الأصدقاء هنا,,,,
个性标签,Personality tag,Tag kepribadian,Etiqueta de personalidad,علامة الشخصية,,,,
礼物墙(%s),Gift wall (%s),Dinding hadiah(%s),Muro de regalos (%s),جدار الهدايا (٪s),,,,
关注,Follow,Follow,Seguir,متابعة,,,,
私聊,Private chat,Obrolan pribadi,Chat privado,دردشة خاصة,,,,
修改资料,Modify information,Ubah informasi,Modificar información,تعديل المعلومات,,,,
昵称,Nickname,Nama panggilan,Apodo,اسم,,,,
性别,Gender,Jenis kelamin,Género,جنس,,,,
生日,Birthday,Hari ulang tahun,Cumpleaños,عيد الميلاد,,,,
国家,Country,Negara,País,بلد,,,,
选择个人标签,Choose tag,Pilih tag,Elige etiqueta,اختر علامة,,,,
性格（最多选5个标签）,Personality (select up to 5 tag),Kepribadian (5 tag paling banyak dipilih),Personalidad (seleccione hasta 5 etiquetas),شخصية (حدد ما يصل إلى 5 علامات),,,,
兴趣标签,Interest tag,Tag minat,Etiqueta de interés,علامة الاهتمام,,,,
正在视频中,On video,Sedang video,En video,على الفيديو,,,,
去找TA,Find She/He,Temukan dia,Encontrar a ella/él,تجده /ها,,,,
充值,Recharge,Top up ,Recargar,إعادة الشحن,,,,
收益,Income,Penghasilan,Ingreso,الدخل,,,,
我的钱包,My wallet,Dompet saya ,Mi billetera,محفظتى,,,,
账单明细,Billing Details,Detail Penagihan,Detalles de facturación,تفاصيل الفاتورة,,,,
收入礼物,Gift Income ,Pendapatan hadiah,Ingresos por regalos,دخل الهدية,,,,
送礼物,Send gift,Gift yg dikirim,Enviar regalo,أرسل هدية,,,,
充值记录,Recharge record,Catatan top up,Registro de recarga,سجل الشحن,,,,
邀请记录,Invitation record,Catatan undangan,Registro de invitación,سجل الدعوة,,,,
钻石余额,Diamond balance,Saldo berlian,Equilibrio de diamantes,رصيد الماس,,,,
收益记录,Income record,Catatan pendapatan,Registro de ingresos,سجل الدخل,,,,
钻石可用于兑换金币,Diamonds can be exchanged for gold coins,Berlian bisa ditukar dengan koin,Los diamantes se pueden cambiar por monedas de oro.,يمكن صرف الماس بعملات ذهبية,,,,
兑换金币,Exchange gold coins,Tukar koin,Intercambiar monedas de oro,صرف العملات الذهبية,,,,
提现,Withdraw,Withdraw,Retirar,سحب النقود,,,,
任务中心,Task center,Pusat tugas,Centro de tareas,مركز المهام,,,,
我的银币,My silver coins,koin perak saya,Mis monedas de plata,عملاتي الفضية,,,,
今日暂未签到 累计签到0天,No sign-in today. Accumulative sign-in 0 days,"Hari ini blum absen, akumulasi absen 0 hari ",No hay inicio de sesión hoy. Inicio de sesión acumulativo 0 días,لم يتم تسجيل الدخول اليوم. تسجيل الدخول التراكمي 0 يوم,,,,
银币商城,Silver Coin Mall,Mall koin perak,Tienda de Silver Coin,متجر العملات الفضية,,,,
精美头饰框,Exquisite headwear,Bingkai cantik ,Exquisito marco de tocado,اطار رائع,,,,
超多福利奖励,Super multi-benefit rewards,Banyak bonus,Recompensas de súper beneficios múltiples,مكافآت متعددة الفوائد,,,,
抽取幸运卡,Draw lucky card,Undian kartu keberuntungan,Sortear de cartas de la suerte,سحب بطاقة الحظ,,,,
新手任务,Newbie task,Tugas pemula,Tareas de novato,مهمة مبتدئ,,,,
完善个人信息,Improve personal information,Lengkapi informasih pribadi,Mejorar la información personal,اكمال المعلومات الشخصية,,,,
去完成,To complete,Pergi untuk selesainya ,Completar,لإكمال,,,,
绑定手机号,Bind mobile phone number,Terikat telepon,Vincular número de teléfono móvil,ربط رقم الهاتف,,,,
发布动态,Post moment,Post moment,Publicar momento,نشر اللحظة,,,,
上麦10分钟,Take mic 10 min,Naik kursi selama 10 menit,Toma el micrófono 10 min,اخذ مايك 10 دقائق,,,,
送一个礼物,Send 1 gift ,Kirim 1 gift ,Envía 1 regalo,أرسل 1 هدية,,,,
充值一次,Recharge once,Top up 1 kali ,Recargar una vez,اشحن 1 مرة ,,,,
%s 银币,%s silver coins,%s skoin perak,%s monedas de plata,٪ S عملات فضية,,,,
银币商城,Silver Coins Mall,Mall koin perak,Tienda de monedas de plata,مول العملات الفضية,,,,
翻牌抽奖,Flip cards draw,Undian ,Voltear las cartas robar,اقلب البطاقات واسحب,,,,
%s 天,%s days,%s shari ,%s días,%s يوم,,,,
兑换,Exchange,Tukar,Intercambiar,صرف,,,,
活动规则,Activity Rules,Peraturan aktivitas,Reglas de actividad,قواعد النشاط,,,,
 中奖记录,Winning record,Catatan kemenangan,Récord ganador,سجل الفوز,,,,
银币规则,Silver Coins Rules,Peraturan koin perak,Reglas de monedas de plata,قواعد عملات الفضة,,,,
"1、银币可以通过签到以及其他任务获得

2、银币可用于参与银币抽奖活动以及在银币商城兑换奖励

3、银币不提现","1.Silver coins can be got by sign-in and other tasks

2.Silver coins can be used to join in the silver coin lottery activity and exchange rewards in the silver coin mall

3.No withdrawal of silver coins","1. Koin perak diperoleh melalui absen dan tugas lainnya

2. Koin perak digunakan untuk berpartisipasi dalam lotre koin perak dan menukarkan hadiah di mal koin perak
 
3. Koin perak  tidak bisa penarikan ","1. Las monedas de plata se pueden obtener mediante el inicio de sesión y otras tareas.

2. Las monedas de plata se pueden usar para unirse a la actividad de lotería de monedas de plata e intercambiar recompensas en la tienda de monedas de plata.

3. No retiro de monedas de plata","1. يمكن الحصول على العملات الفضية عن طريق تسجيل الدخول ومهام أخرى

2. يمكن استخدام العملات الفضية للانضمام إلى نشاط يانصيب العملة الفضية ومكافآت الصرف في متجر العملات الفضية

3. عدم سحب العملات الفضية",,,,
领取成功,Received successfully,Berhasil diterima,Recibido con éxito,تم الاستلام بنجاح,,,,
获得%s个银币,Get %s silver coins,Mendapatkan%skoin perak,Conseguir %s monedas de plata,حصل على٪ s عملات فضية,,,,
去直播,Go live,Pergi ke siaran ,Ir en vivo,اذهب بث,,,,
任务中心,Task center,Pusat tugas,Centro de tareas,مركز المهام,,,,
说明,Description,Penjelasan,Descripción,وصف,,,,
15天内礼物赠送最多并且排名TOP1将成为TA的守护，赠送礼物价值超过TOP1将占领守护位,,"User yang memberikan total harga gift terbanyak dalam 15 hari akan menjadi pemenang. Apabila ada User yang memberikan total harga gift lebih banyak dari pemenang, maka user tersebut akan merebut dan menempati posisi pemenang sebelumnya.",,,,,,
确定消耗%s 金币 购买 %s 15天？,Are you sure to spend %s gold coins to buy %s for 15 days?,Yakin menggunakan %s koin untuk membeli %s selama 15 hari?,¿Está seguro de gastar %s monedas de oro para comprar %s durante 15 días?,هل تتأكد من إنفاق٪ S عملات ذهبية لشراء٪ S لمدة 15 يوم؟,,,,
取消,Cancel,batal ,Cancelar,إلغاء,,,,
确定,Confirm,Yakin ,Confirmar,تأكيد,,,,
我的等级,My level,Level saya,Mi nivel,درجتي,,,,
财富等级,Wealth level,Level kekayaan,Nivel de riqueza,درجة الثروة,,,,
魅力等级,Charm level,Level karisma,Nivel de encanto,درجة الجاذبي,,,,
距离下一级还差67689经验值,To the next level need 67 experience points ,Masih kurang 67689 poin akan naik 1 level ,"67,689 puntos de experiencia por debajo del siguiente nivel",إلى الدرجة التالي يحتاج إلى 67 نقطة خبرة,,,,
等级说明,Level description,keterangan level,Descripción de nivel,وصف الدرجة,,,,
每送1金币礼物，增加1财富经验值。随着等级的上升， 您的等级图标颜色也会相应改变。,"When send 1 gold coin gift of will increase 1 wealth experience point. As your level upgrade, the color of your level icon will change accordingly.","Menerima hadiah senilai 1 koin akan menambah 1 poin kekayaan. Saat level meningkat, ikon level anda akan berubah.","Cada regalo de 1 moneda de oro aumentará 1 valor de experiencia de riqueza. A medida que aumenta el nivel, el color de su icono de nivel cambiará en consecuencia.",عند إرسل هدية 1 عملة ذهبية سوف تزيد 1 نقطة خبرة الثروة . أثناء ترقية درجتك ، سوف يتغير لون رمز الدرجة وفقًا لذلك.,,,,
收到1金币价值礼物，增加1魅力经验值。随着等 级的上升，您的等级图标也会相应改变。,"When receive 1 gold coin gift of will increase 1 charm experience point. As your level upgrade, the color of your level icon will change accordingly.","Menerima hadiah senilai 1 koin menambah 1 nilai karisma. Saat level meningkat, ikon level anda akan berubah.","Cuando reciba 1 moneda de oro de regalo, aumentará 1 punto de experiencia de encanto. A medida que aumenta su nivel, el color del icono de su nivel cambiará en consecuencia.",عند تستلم هدية 1 عملة ذهبية سوف تزيد 1 نقطة خبرة الجاذبي . أثناء ترقية درجتك ، سوف يتغير لون رمز الدرجة وفقًا لذلك.,,,,
等级勋章,Level badge,Medali level,Insignia de nivel,شارة الدرجة,,,,
累计经验值,Accumulated experience point, akumulasi poin pengalaman,Punto de experiencia acumulada,نقطة خبرة متراكمة,,,,
要求经验,Experience required,Permintaan pengalaman,Experiencia requerida,الخبرات المطلوبة,,,,
每级需要%s经验值,Each level requires %s experience points,Setiap level membutuhkan%spoin ,Cada nivel requiere %s puntos de experiencia,كل درجة يتطلب٪ s من نقاط الخبرة,,,,
设置,Setting,Pengaturan,Configurar,إعدادات,,,,
账户,Account,Akun,Cuenta,حساب,,,,
语言,Language,Bahasa,Idioma,اللغة,,,,
清除缓存,Clear cache,Bersih cache,Limpiar la caché,مسح ذاكرة التخزين المؤقت,,,,
关于我们,About us,Tentang kami,Sobre Lami,عنا,,,,
用户协议,User agreement,Perjanjian pengguna,Acuerdo de usuario,اتفاقية المستخدم,,,,
退出登录,Sign out,Keluar,Salir del registro,تسجيل الخروج,,,,
请描述您的遇到的问题,Please describe your problem,Tolong jelaskan masalah anda,Describe tu problema por favor ,يرجى وصف مشكلتك,,,,
请留下您的联系方式,Please leave your contact information,Silakan tinggalkan informasi kontak anda,Deje su información de contacto por favor,من فضلك اترك معلومات الاتصال الخاصة بك,,,,
提交,Submit,Kirim,Enviar,تقديم,,,,
确定清除缓存？,Are you sure to clear the cache?,Apakah anda yakin menghapus cache?,¿Estás seguro de limpiar el caché?,هل تتأكد من مسح ذاكرة التخزين المؤقت؟,,,,
榜单翻译,,,,,,,,
,Sprint leader board rewards,Hadiah peringkat pencapaian tercepat,,,,,,
,Rank reward,Peringkat reward,,مكافأة الترتيب,,,,
,Wealth Rank,Peringkat kekayaan,Lista de riqueza,ترتيب الثروة,,,,
,The top 1 users on the wealth list last month will receive rewards.,Top 1 di peringkat kekayaan bulan lalu akan mendapat reward,Los top 1 usuarios en la lista de riqueza el mes pasado recibirán recompensas.,توب 1 مستخدم في قائمة الثروة الشهر الماضي سوف يحصل على مكافآت.,,,,
这里是H5的,The top 3 users on the wealth list last week will receive rewards.,Top 3 di peringkat kekayaan minggu lalu akan mendapat reward,Los top 3 usuarios de la lista de riqueza de la semana pasada recibirán recompensas.,توب 3 مستخدم في قائمة الثروة الشهر الماضي سوف يحصل على مكافآت.,,,,
,Charm Rank,Peringkat Karisma,Lista de encanto,ترتيب الجاذبي,,,,
,The top 3 hosts on the charm list each hours will be rewards with room label for 1 hour.,Top 3 di peringkat karisma setiap jam akan mendapat label kamar selama 1 jam,Los top 3 emisores en la lista de encanto cada hora serán recompensas con la etiqueta de la habitación durante 1 hora.,توب 3 مضيفات في قائمة الجاذبي كل ساعة سوف يحصل علي مكافآت علامة الغرفة لمدة 1 ساعة.,,,,
,The top 3 hosts on the charm list last week will receive different label.,Top 3 di peringkat karisma minggu lalu akan mendapat label kamar yang berbeda ,Los top 3 emisores en la lista de encanto de la semana pasada recibirán una etiqueta diferente.,توب 3 مضيفات في قائمة الجاذبي الأسبوع الماضي سوف يحصل على مكافآت من علامة الغرفة المختلفة.,,,,
,Ageny Rank,Peringkat Agency,Lista de agencia,ترتيب الوكالة,,,,
,The top 3 agent on the charm list last week will receive many coins.,Agency top 3 di peringkat karisma minggu lalu akan mendapat banyak koin  ,Los top 3 agencias de la lista de encanto de la semana pasada recibirán muchas monedas de oro.,توب 3 وكالات في قائمة الجاذبي الأسبوع الماضي سوف يحصل على مكافآت من الكونزات.,,,,
,,,,,,,,
翻,Turn,Balik,Invertirse,تقليب,,,,
兑换,Exchange,Tukar,Intercambio,صرف,,,,
谢谢参与,Thanks,Terima kasih,Gracias,شكرا لكم,,,,
领取成功!,Received successfully!,Berhasil diterima,¡Éxito de recaudación!,تم الاستلام بنجاح!,,,,
申请成功；等待主播邀请中...,Request is successfully; waiting for the host invite...,Permintaan berhasil; menunggu undangan host...,Solicitud aceptada; a la espera de la invitación de emisor...,تم الطلب بنجاح. في انتظار دعوة المضيفة ...,,,,
图片地址异常，请重试！,"The image address is abnormal, please try again!","Lokasi gambar anormal, silahkan coba lagi","Excepción de la dirección de la imagen, por favor, inténtelo de nuevo.",عنوان الصورة غير طبيعي ، يرجى المحاولة مرة أخرى!,,,,
为了您的体验，请选择 300X300 以上的图片哦~~,"For your experience, please select images over 300X300 ~~","Untuk pengalaman anda, silahkan pilih gambar yg berukur 300x300","Para su experiencia mejor, elija una imagen de 300x300 o más~~",لتجربتك ، يرجى اختيار الصور التي يزيد حجمها عن 300 × 300 ~~,,,,
您已退出群聊！,You have exited the group chat!,Anda telah keluar dari grup ,¡Has abandonado el chat de grupo!,لقد خرجت من دردشة المجموعة!,,,,
群主不能给自己送礼哦！,The group owner can't send gift to himself!,Owner grup tidak bisa kirim hadiah ke sendiri,Los jefes de grupo no pueden hacerse regalos a sí mismos.,لا يمكن لصاحب المجموعة إرسال هدية لنفسه!,,,,
您已全部完善信息，点个赞!,"You have completed all the information, click a like!",Anda telah melengkapi informasi ,"Has completado toda la información, ¡felicidades!",لقد أكملت جميع المعلومات ، انقر فوق إعجاب!,,,,
您已在该直播间,You are already in the live room,Anda telah di ruangan ini ,Ya estás en esta sala en vivo,أنت في غرفة البث,,,,
您正在开播中，不能进入其他直播间,You are living and cannot enter other live room,"Anda sedang siaran, tidak bisa masuk ruangan lain ","Estás en la transmisión y no puedes acceder a otros canales directos
",أنت في البث ولا يمكنك دخول غرفة البث الأخرى,,,,
申请成功；等待主播邀请中...,Request is successfully; waiting for the host invite...,Permintaan berhasil; menunggu undangan host...,Solicitud aceptada; a la espera de la invitación de emisor...,تم الطلب بنجاح. في انتظار دعوة المضيفة ...,,,,
内容含有敏感词，发布失败!,"Content contains sensitive words, posted failed!  ","Konten berisi sensitif, gagal terkirim ","El contenido contiene palabras sensibles, ¡publicación fallida!",المحتوى يحتوي على كلمات حساسة ، تم نشره فشل!,,,,
图片违规，请重新添加,"Picture violation, please upload again","Pelanggaran gambar, silahkan tambah lagi ","La imagen es ilegal, por favor, vuelva a añadirla",انتهاك الصورة ، يرجى تحميل مرة أخرى,,,,
举报成功~~,Report successful~~,Laporkan berhasil ,Reportado con éxito~~,تقرير ناجح ~~,,,,
举报成功，我们会尽快为您处理,"The report is successful, we will deal with it as soon as possible","Laporkan berhasil, kami akan menyelesaikannya sesegera mungkin","Informe exitoso, lo procesaremos lo antes posible",ابلاغ ناجح وسوف نتعامل معه في أسرع وقت,,,,
操作成功！,Operate successfully,Berhasil ,¡Operación exitosa!,تعمل بنجاح,,,,
赠送礼物成功,Sent gift successfully,Berhasil kirim hadiah,Regalar éxito,أرسل الهدية بنجاح,,,,
你已被此房间踢出，请稍后再进,"You have been kicked out of the room, please enter later again","Anda telah dikeluar ruangan, silahkan masuk lagi nanti","Has sido expulsado de esta habitación, por favor vuelve más tarde",لقد تم طردك من الغرفة ، يرجى الدخول مرة أخرى لاحقًا,,,,
初始化引擎失败,Failed to initialize engine,Gagal menginisialisasi mesin,Motor de inicialización fallado,فشل تهيئة المحرك,,,,
进房失败，请稍后重试,"Failed to enter room, please try again later","Gagal masuk ruangan, silahkan coba lagi ","Entrada fallida, inténtelo de nuevo más tarde",فشل دخول الغرفة ، يرجى المحاولة مرة أخرى لاحقًا,,,,
当前网络不稳定，请检查网络,"Current network is unstable, please check the network","Saat ini jaringan tidak stabil, silahkan periksa jaringan","La red actual es inestable, por favor compruebe la red",الشبكة الحالية غير مستقرة ، يرجى التحقق من الشبكة,,,,
当前网络异常，与服务器断开连接，请检查网络,"The current network is abnormal, disconnected from the server, please check the network","Saat ini jaringan anormal, putuskan sambungan dari server, silahkan periksa jaringan","La red actual es anormal, desconectada del servidor, por favor, compruebe la red",الشبكة الحالية غير طبيعية ، تم قطع الاتصال بالخادم ، يرجى التحقق من الشبكة,,,,
进入直播间超时，请重试...,"Entering the live room timed out, please try again...","Masuk ruangan melalui waktu batas, suilahkan coba lagi ","Tiempo de espera para entrar en la sala en vivo, inténtelo de nuevo...",دخول الغرفة انتهت مهلة  ، يرجى المحاولة مرة أخرى ...,,,,
您的版本可能过低，不支持进入该类型的相亲房！,,,Su versión puede ser demasiado baja para soportar el acceso a este tipo de sala de citas!,,,,,
密码输入框弹出异常,The password input box pops up abnormally,Kotak input kata sandi muncul secara anormal,Caja de entrada de contraseña emergente excepción,يظهر إدخال كلمة المرور بشكل غير طبيعي,,,,
再按一次可退出直播间,Press again to exit the live room,Klik lagi untuk keluar dari ruangan,Pulsa de nuevo para salir de la sala,اضغط مرة أخرى للخروج من الغرفة البث,,,,
播放失败，文件异常,"Play failed, the file is abnormal","Pemutaran gagal, dokumen anormal","Fallo en la reproducción, excepción de archivo",فشل التشغيل ، الملف غير طبيعي,,,,
播放列表中还没有歌曲哦！,There are no songs in the playlist yet!,Daftar musik ga ada lagu ,Todavía no hay canciones en la lista de reproducción.,لا توجد أغانٍ في قائمة التشغيل بعد!,,,,
开始扫描...,Start scanning...,Mulai memindai,Comienza a escanear...,بدء المسح ...,,,,
正在扫描，请稍后...,"Scanning, please wait...",Sedang memindai,"Escaneando, por favor espere...",جاري المسح ، الرجاء الانتظار ...,,,,
获取群组信息失败！,Failed to get group information!,Mengoleh informasi grup gagal ,¡Falla al obtener información del grupo!,فشل الحصول على معلومات المجموعة!,,,,
进房提示不能为空哦,The room entry reminder cannot be empty,Tips masuk ruangan tidak bisa kosong,Aviso de entrada no puede estar vacío,لا يمكن أن يكون تذكير دخول الغرفة فارغًا,,,,
保存成功！,Saved successfully!,Berhasil menyimpan,¡Guardado con éxito!,حفظ بنجاح!,,,,
保存失败；,Save failed;,Gagal menyimpan,Fallo en el ahorro.,حفظ فشل!,,,,
最多只能输入15行~~,You can only enter 15 lines at most~~,Maksimal 15 baris ,Un máximo de 15 líneas~~,يمكنك فقط إدخال 15 سطرًا كحد أقصى ~~,,,,
直播间信息异常,The live room information is abnormal,Informasi ruangan anormal,Excepciones de información de la sala en vivo,معلومات الغرفة البث غير طبيعية,,,,
标题不能为空,Topic cannot be empty,Topik tidak bisa kosong,El título no puede estar vacío,الموضوع لا يمكن ان يكون فارغا,,,,
请告诉我们你的建议哦~~,Please tell us your suggestion~~,Silahkan ,Por favor díganos su sugerencia~~,يرجى إخبارنا باقتراحك ~~,,,,
取消关注成功,Unfollow successfully,Batalkan ikuti berhasil ,Dejar de seguir con éxito,إلغاء المتابعة بنجاح,,,,
关注成功,Followed successfully,Ikuti berhasil,Seguir con éxito,تمت المتابعة بنجاح,,,,
房间名不能为空哦,Room name can not be empty,Nama ruangan tidak bisa kosong,El nombre de la sala no puede estar vacío,اسم الغرفة لا يمكن أن يكون فارغا,,,,
网络已断开无法操作,The network is disconnected and cannot be operated,Jaringan terputus dan tidak dapat dioperasikan,La red está desconectada y no puede funcionar,الشبكة غير متصلة ولا يمكن تشغيلها,,,,
专属房不能发红包哦,,Ruangan khusus tidak bisa mengirim kantong keberuntungan,No se pueden enviar paquetes rojos a la sala exclusiva,,,,,
您已被房主/管理员禁言,You have been muted by the room owner/admin,Anda telah dibungkam oleh ketua ruangan,Has sido prohibido por el propietario/administrador,تم كتم صوتك من قبل صاحب الغرفة / ادارة,,,,
专属房不能进行使用该功能哦~~,This function cannot be used in the exclusive room~~,Ruangan khusus tidak bisa menggunakan fitur ini ,Esta función no está disponible en las salas exclusivas~~,لا يمكن استخدام هذه الوظيفة في الغرفة الحصرية ~~,,,,
当前状态不能进行该操作,The operation cannot be performed in the current state,Saat ini tidak bisa menggunakan fitur ini ,Esta operación no puede realizarse en el estado actual,لا يمكن إجراء العملية في الحالة الحالية,,,,
您已在该直播间,You are already in the live room,Anda telah di ruangan ini ,Ya estás en esta sala en vivo,انت موجود في غرفة البث,,,,
您已申请过上麦，耐心等待红娘的邀请吧！,,,"Ya has solicitado estar en el micro, así que ten paciencia y espera la invitación de la celestina.",,,,,
发送微信失败,,Gagal kirim xx,Envío fallido de WeChat,,,,,
房间名不能为空哦,Room name can not be empty,Nama ruangan tidak bisa kosong,El nombre de la sala no puede estar vacío,اسم الغرفة لا يمكن أن يكون فارغا,,,,
保存用户信息成功！,Save user information successfully!,Mesyimpan informasi pengguna berhasil ,¡Guardar la información del usuario con éxito!,حفظ معلومات المستخدم بنجاح!,,,,
您的金币数量不足，已被请出专属相亲房！,,,Te faltan monedas de oro y te han pedido que abandones la sala exclusiva de citas.,,,,,
您当前已经在麦上,You are currently on mic,Anda telah di kursi ,Actualmente estás en el micro,أنت حاليًا على المايك,,,,
当前状态无法进行操作~,Cannot operate in current state~,Saat ini tidak bisa menggunakan fitur ini ,Estado actual no disponible para la operación~,لا يمكن العمل في الوضع الحالي ~,,,,
送礼用户在专属房，无法进入~,The user who sent the gift is in the exclusive room and cannot enter~,Pengguna ini di ruangan khusus tidak bisa masuk,Los usuarios que dan regalos están en la sala exclusiva y no pueden acceder a ~,المستخدم الذي أرسل الهدية موجود في الغرفة الحصرية ولا يمكنه الدخول ~,,,,
您已在该直播间内,You are already in the live room,Anda telah di ruangan ini ,Ya estás en esta sala en vivo,انت موجود في غرفة البث,,,,
正在进房邀请中，请%s秒后再试哦~~,,"Sedang mengundang, silahkan coba lagi setelah"" + mCountDownTime + ""menit ","En la invitación de entrada, por favor en %s segundos, inténtelo de nuevo",,,,,
选择人数已经超过剩余可邀请人数~~,The selected number has exceeded the remaining number of inviters~~,Jumlah telah mencapai batas ,"El número de selectores ha superado el número de invitados restantes ~~

",تجاوز العدد المحدد العدد المتبقي من المدعوين ~~,,,,
该分类没有数据哦~~,There is no data for this category,Kategori ini tidak ada data ,No hay datos para esta categoría ~~,لا توجد بيانات عن هذه الفئة,,,,
剩余可邀请人数只有%s人了喔~~,,"Jumlah yang bisa diundung hanya"" + maxSelectNum + ""orang",Sólo quedan %s personas por invitar.,,,,,
未选择任何用户哦~~,No user selected~~,Belum pilih pengguna apapun,No hay usuario seleccionado ~~,لم يتم اختيار مستخدم ~~,,,,
无法获取到您的剩余金币数，请稍后重试...,,"Tidak bisa mendapatkan saldo koin anda, silahkan coba nanti ","No se ha podido obtener el número de monedas de oro restantes, por favor, inténtelo más tarde...",,,,,
等待确认超时，您已放弃本次PK邀请,"Waiting for confirmation timed out, you have given up this PK invitation","Waktu tunggu konfirmasi habis, anda telah menyerah undangan PK ini","Esperando el tiempo de espera de la confirmación, ha abandonado esta invitación PK",في انتظارالتأكيد انتهاء مهلة ، لقد تخليت عن دعوة PK هذه,,,,
用户无应答，请稍后重试...,"The user does not answer, please try again later...","Pengguna ini tidak ada tanggapan, silahkan coba lagi nanti ","No hay respuesta del usuario, por favor inténtelo más tarde...",المستخدم لا يجيب ، يرجى المحاولة مرة أخرى لاحقًا ...,,,,
当前无PK用户,No PK user currently,Saat ini tidak ada pengguna PK,No hay usuarios actuales de PK,لا يوجد مستخدم PK حاليًا,,,,
未选择要PK的用户哦,Did not choose to PK user,Belum pilih pengguna untuk PK,Ningún usuario seleccionado para PK,لم يختر مستخدم PK,,,,
暂无数据,No data yet,Belum ada data,No hay datos disponibles,لا توجد بيانات بعد,,,,
请选择您需要赠送的礼物哦！,Please select the gift you need to send!,Silahkan pilih gift yang anda kirimkan,"Por favor, seleccione el regalo que le gustaría hacer.",الرجاء اختر الهدية التي تريد إرسالها!,,,,
您的背包礼物数量不够哦！,You don’t have enough gifts in backpack!,Gift ransel anda tidak cukup,¡No tienes suficientes regalos en tu mochila!,ليس لديك هدايا كافية في حقيبة !,,,,
该礼物已过期,The gift has expired,Gift ini telah kedaluwarsa,El regalo ha caducado,الهدية انتهت,,,,
只能在房间内才能发送红包哦,You can only send lucky bag in the room,Mengirim kantong keberuntungan hanya di ruangan ,Los paquetes rojos sólo pueden enviarse en la sala,يمكنك فقط إرسال صندوق الحظ في الغرفة,,,,
公屏消息已经被管理员禁止，请稍候再试,"Public screen messages have been banned by the admin, please try again later",Pesan layar telah dilarang oleh administrator,"Los mensajes de pantalla pública han sido prohibidos por el administrador, inténtelo de nuevo en unos minutos",تم حظر رسائل الشاشة العامة من قبل ادمن، يرجى المحاولة مرة أخرى في وقت لاحق,,,,
您已被房主/管理员禁言,You have been muted by the room owner/admin,Anda telah dibungkam oleh pemilik ruangan /administrator,Has sido prohibido por el propietario/administrador,تم كتم صوتك من قبل صاحب الغرفة / ادارة,,,,
当前文本长度%s已超过最大500限制,,"Panjang teks"" + content.length() + ""batas maksimal 500 telah terlampaui","La longitud actual del texto es %s, ha superado el límite máximo de 500",,,,,
房间名称修改成功,Room name modified successfully,Nama ruangan telah berhasil diubah,El nombre de la habitación se ha cambiado con éxito,تم تعديل اسم الغرفة بنجاح,,,,
红包发送成功,Lucky bag sent successfully,Kantong keberuntungan berhasil dikirim,Paquete rojo enviado con éxito,تم إرسال صندوق الحظ بنجاح,,,,
加入群组成功！,Join the group successfully!,Berhasil masuk grup ,¡Únase al grupo con éxito!,انضم إلى المجموعة بنجاح!,,,,
申请成功，请稍等；,"Application successful, please wait a moment;","Aplikasi berhasil, harap tunggu sebentar","Aplicación exitosa, por favor espere.",طلب بنجاح ، يرجى الانتظار قليلاً ؛,,,,
领取成功~~,Received successfully~~,Berhasil diterima,Recibido con éxito~~,تم استلام بنجاح ~~,,,,
连麦邀请发送成功,,Undangan panggilan vidoe berhasil dikirim,Invitación a conectarse enviada con éxito,,,,,
已成功邀请，请等待嘉宾进房,"Successfully invited, please wait for the user to enter the room","Berhasil mengundang, harap tunggu tamu masuk ruangan ","Se ha invitado con éxito. Por favor, espere a que los invitados lleguen a la habitación",تمت الدعوة بنجاح، يرجى انتظار دخول المستخدم إلى الغرفة,,,,
发送微信成功,,xxx berhasil dikirim,Enviar WeChat con éxito,,,,,
已取消PK邀请,PK invitation cancelled,Telah batalkan undangan PK ,La invitación a PK ha sido cancelada,تم إلغاء دعوة PK,,,,
关注主播成功,Follow the host successfully,Berhasil ikuti host,Seguir el éxito del emisor,اتبع المضيفة بنجاح,,,,
您已被踢下线，若非正常行为，请及时修改密码,"You have been kicked offline, if you behave abnormally, please change your password in time","Anda telah ditendang offline, jika Anda berperilaku tidak normal, harap ubah kata sandi anda ",Has sido desconectado. Cambie su contraseña rápidamente si este no es un comportamiento normal,لقد تم طردك من الانترنت ، إذا تصرفت بشكل غير طبيعي ، يرجى تغيير كلمة مرورك في الوقت المناسب,,,,
没有任何修改,Without any modification,Tidak ada perubahan apapun ,No hay modificaciones,بدون أي تعديل,,,,
评论内容不能为空!,The content of the comment cannot be empty!,Konten komentar tidak bisa kosong,Los comentarios no pueden estar vacíos.,محتوى التعليق لا يمكن أن يكون فارغا!,,,,
上传图片失败!,Failed to upload picture!,Gagal mengunggah gambar,¡Falla al cargar la imagen!,فشل تحميل الصورة!,,,,
把你此刻的感想告诉大家吧~~,What you feel at the moment~~,Beritahu semua orang apa yang anda rasakan saat ini~~,Díganos lo que piensa en este momento~~,ما هو شعورك في الوقت الحالي ~~,,,,
验证码不能为空！,The verification code cannot be empty!,Kode verifikasi tidak bisa kosong ,El código de verificación no puede estar vacío.,لا يمكن أن يكون رمز التحقق فارغًا!,,,,
手机号码不正确,The mobile number is incorrect,Nomor ponsel tidak benar ,Número de teléfono móvil incorrecto,رقم الهاتف غير صحيح,,,,
手机号码不能为空,Mobile phone number cannot be empty,Nomor ponsel tidak bisa kosong,El número de móvil no puede estar vacío,رقم الهاتف لا يمكن أن يكون فارغا,,,,
密码长度6-16个字符,Password length is 6-16 characters,Panjang kata sandi 6-16 karakter,Longitud de la contraseña 6 - 16 caracteres,طول كلمة المرور 6-16 حرف,,,,
注册成功！,Registration is successful!,Daftar berhasil ,¡Registrar exitoso!,تم التسجيل بنجاح!,,,,
验证失败：,Verification failed:,Verifikasi gagal,Fallo de validación.,فشل التحقق:,,,,
请上传头像,Please upload avatar,Silahkan mengunggah avatar,Por favor sube tu avatar,الرجاء تحميل الصورة الرمزية,,,,
复制用户ID失败,Failed to copy user ID,Salin ID pengguna gagal ,Fallo al copiar el ID de usuario,فشل نسخ ID المستخدم,,,,
ID复制成功!,ID copied successfully!,Salin ID berhasil,ID copiado con éxito!,تم نسخ ID بنجاح!,,,,
提交成功,Submitted successfully,Berhasil dikirim,Enviado con éxito,تم الإرسال بنجاح,,,,
保存失败,Save failed,Gagal menyimpan ,Falla al guardar,فشل الحفظ,,,,
正在下发验证码，请注意查收！,"The verification code is being sent, please check it!","Sedang kirim kode verifikasi, silahkan periksa","Se está enviando el código de verificación, ¡por favor, esté atento!",في إرسال رمز التحقق ، يرجى التحقق منه!,,,,
重置密码成功！,Password reset successfully!,Mengubah kata sandi berhasil ,¡Restablecimiento de la contraseña con éxito!,إعادة تعيين كلمة المرور بنجاح!,,,,
发起充值失败,Failed to initiate recharge,Gagal top up,Falla al iniciar una recarga,فشل بدء إعادة الشحن,,,,
获取充值信息失败,Failed to get recharge information,Mengoleh informasi top up gagal ,Falla al obtener información de recarga,فشل الحصول على معلومات الشحن,,,,
更改免打扰设置成功！,Changed DND Settings successfully!,Berhasil mengubah pengaturan DND!,¡Cambiar la configuración de DND con éxito!,"تم تغيير إعداد ""الرجاء عدم الإزعاج"" بنجاح!",,,,
上传视频成功！,Successfully uploaded the video!,Mengunggah video gagal,¡Subido el video con éxito!,تم تحميل الفيديو بنجاح!,,,,
已拉黑,It has been blacklisted,Telah diblokir,Bloqueado con éxito,تم ادخاله في القائمة السوداء,,,,
已取消拉黑,Removed from blacklist,Telah batalkan blokir,Bloqueado ha sido cancelado,تمت إزالته من القائمة السوداء,,,,
请输入您要反馈的内容,Please enter the content you want to feedback,Silakan masukkan konten yang ingin anda umpan balik,"Por favor, introduzca su opinión",الرجاء إدخال المحتوى الذي تريد ردود الفعل,,,,
已经是最新版本,It already the latest version,Telah versi terbaru ,Ya está la última versión,إنه إصدار أحدث ,,,,
参数异常,Parameter abnormal,Kesalahan parameter,Excepción de parámetros,المعامل غير طبيعي,,,,
赠送礼物成功,Send gift successfully,Kirim hadiah berhasil,Regala un regalo exitoso,أرسل الهدية بنجاح,,,,
交友签名不能为空哦,Friend signature can’t be empty,Bio berteman tidak bisa kosong,La firma de citas no puede estar vacía ,لا يمكن أن يكون توقيع الصديق فارغًا,,,,
没有获取到用户身份数据,No user identity data is obtained,Belum mengoleh data pengguna ,No se obtienen datos de identificación del usuario,لم يتم الحصول على بيانات هوية المستخدم,,,,
没有获取到用户信息,No user information is obtained,Belum mengoleh informasi pengguna ,No se ha obtenido información del usuario,لم يتم الحصول على معلومات المستخدم,,,,
邀请码复制成功,Invitation code copied successfully,Kode undangan berhasil disalin,Código de invitación copiado con éxito,تم نسخ رمز الدعوة بنجاح,,,,
邀请码不能为空哦,The invitation code cannot be empty,Kode undangan tidak bisa kosong,El código de invitación no puede estar vacío.,رمز الدعوة لا يمكن أن يكون فارغًا,,,,
保存邀请码成功,Successfully saved the invitation code,Kode undangan berhasil disimpn,Guardar el código de invitación con éxito,تم حفظ رمز الدعوة بنجاح,,,,
范围选择不合理，开始年龄不能大于结束的年龄哦,"The range selection is unreasonable, the starting age cannot be greater than the ending age","Pemilihan rentang tidak masuk akal, usia awal tidak bisa lebih besar dari usia akhir","Rango de selección irrazonable, la edad de inicio no puede ser mayor que la edad final oh
",اختيار النطاق غير معقول ، لا يمكن أن يكون عمر البداية أكبر من عمر النهاية,,,,
未选择任何标签,No tags selected,Belum pilih label apapun ,No hay etiquetas seleccionadas,لم يتم اختيار أي علامات,,,,
照片已达到最大上传数,Photos have reached the maximum number of uploads,Jumlah gambar telah capai batas,Se ha alcanzado el número máximo de fotos cargadas,لقد وصلت الصور إلى الحد الأقصى من التحميلات,,,,
摄像头启动失败,Camera startup failed,Kamera gagal memulai,La cámara no arranca,فشل بدء تشغيل الكاميرا,,,,
录制时间太短,Recording time is too short,Waktu perekaman terlalu pendek,Tiempo de grabación demasiado corto,وقت التسجيل قصير جدًا,,,,
录制视频异常,Recorded video is abnormal,Video yang direkam anormal,Grabación de excepciones de vídeo,الفيديو المسجل غير طبيعي,,,,
等待支付宝充值结果...,,,,,,,,
发起充值失败，请稍后重试...,"Failed to recharge, please try again later...","Pembayaran gagal, silahkan coba lagi nanti","No se ha podido iniciar la recarga, inténtelo más tarde...",فشلت عملية إعادة الشحن ، يرجى المحاولة مرة أخرى لاحقًا ...,,,,
充值成功,Successfully recharged,Top up berhasil ,Recarga con éxito,تم إعادة الشحن بنجاح,,,,
支付成功,Payment successful,Pembayaran berhasil ,Pago realizado con éxito,تم الدفع بنجاح,,,,
支付被取消,Payment cancelled,Pembayaran dibatalkan,El pago fue cancelado,تم إلغاء الدفع,,,,
支付失败,Payment failed,Pembayaran gagal,Fallo de pago,فشل الدفع,,,,
送礼加好友成功！你们可以私聊了,Successfully send gifts and add friends! You can chat privately,"Kirim hadiah untuk menjadi teman berhasil, ngobrol saja sekarang",¡Regalo y amigo añadidos con éxito! Ahora puedes chatear en privado,أرسل الهدايا وأضف الأصدقاء بنجاح! يمكنك الدردشة بشكل خاص,,,,
当前没有选择项目,No items currently selected,Belum pilih ,Actualmente no hay artículos seleccionados,لم يتم تختار أي عناصر حاليًا,,,,
请先选择项目,Please select the item first,Silahkan pilih,"Por favor, primero seleccione los artículos",يرجى تختار العنصر أولاً,,,,
ID复制成功！,ID copied successfully!,Salin ID berhasil ,ID copiado con éxito!,تم نسخ ID بنجاح!,,,,
复制用户ID失败,Failed to copy user ID,Salin ID gagal,Error al copiar el ID de usuario,فشل نسخ ID المستخدم,,,,
请输入正确的手机号码,Please enter the correct phone number,Silahkan masukkan nomor ponsel yang benar ,"Por favor, introduzca el número de móvil correcto",الرجاء إدخال رقم الهاتف الصحيح,,,,
手机认证成功,Mobile phone authentication succeeded,Otentikasi ponsel berhasil,Autenticación móvil exitosa,نجحت مصادقة الهاتف,,,,
认证成功,Authentication is successful,Otentikasi berhasil,Certificado con éxito,تمت المصادقة بنجاح,,,,
请先绑定手机,Please bind your mobile number first,Silahkan ikat ponsel anda dulu,"Por favor, enlaza el teléfono primero",يرجى ربط رقم هاتفك أولاً,,,,
获取绑定手机号失败，请稍后重试！,"Failed to get the bound phone number, please try again later!","Gagal mendapatkan nomor ponsel yang terikat, silakan coba lagi nanti!","No se ha podido obtener un número de móvil vinculante, por favor, inténtelo más tarde.",فشل الحصول على رقم الهاتف المرتبط ، يرجى المحاولة مرة أخرى لاحقًا!,,,,
新密码与确认密码不一致，请重新输入,"The new password does not match the confirmed password, please re-enter","Kata sandi baru tidak cocok dengan kata sandi yang dikonfirmasi, silakan masukkan lagi","La nueva contraseña no coincide con la contraseña de confirmación. Por favor, vuelva a introducirla",كلمة المرور الجديدة لا تتطابق مع كلمة المرور المؤكدة ، يرجى إعادة إدخالها,,,,
请选择要提现的金额,Please select the amount to withdraw,Silakan pilih jumlah yang akan ditarik,Seleccione la cantidad que desea retirar,الرجاء تختار المبلغ الذي تريد سحبه,,,,
发起充值失败，请稍后重试...,"Failed to recharge, please try again later...","Top up gagal, silahkan coba lagi nanti ","Error al iniciar la recarga, inténtelo de nuevo más tarde...",فشلت عملية إعادة الشحن ، يرجى المحاولة مرة أخرى لاحقًا ...,,,,
请先选择要充值的金额哦,Please select the amount to recharge first,Pilih jumlah yang akan top up,Seleccione primero la cantidad que desea recargar.,يرجى تختار المبلغ شحنه أولاً,,,,
充值被取消！,The recharge was cancelled!,Top up dibatalkan,¡Recarga cancelada!,تم إلغاء إعادة الشحن!,,,,
充值失败！,Recharge failed!,Top up gagal,¡La recarga falló!,فشلت عملية إعادة الشحن!,,,,
等待支付宝充值结果...,,,,,,,,
获取充值信息失败,Failed to get recharge information,Mengoleh informasi top up gagal,Falla al obtener información de recarga,فشل الحصول على معلومات الشحن,,,,
发起充值失败,Failed to initiate recharge,Top up gagal,Falla al iniciar una recarga,فشل بدء إعادة الشحن,,,,
获取验证码成功,Get the verification code successfully,Mengoleh kode verifikasi gagal,Obtener el código de verificación con éxito,تحصل على رمز التحقق بنجاح,,,,
绑定成功,Bind successfully,Mengikat berhasil,Vinculación exitosa,تم الربط بنجاح,,,,
手机号码不能为空哦！,The phone number cannot be empty!,Nomor ponsel tidak bisa kosong,El número de móvil no puede estar vacío.,رقم الهاتف لايمكن ان يكون فارغا,,,,
请填写完整的手机号码,Please fill in the complete mobile phone number,Silahkan isi nomor ponsel yang lengkap,"Por favor, introduzca su número de teléfono móvil completo",يرجى ملء رقم الهاتف كاملاً,,,,
邀请码不能为空哦！,The invitation code cannot be empty!,Kode undangan tidak bisa kosong ,El código de invitación no puede estar vacío.,رمز الدعوة لا يمكن أن يكون فارغًا!,,,,
验证码获取成功！,Get the verification code successfully!,Mengoleh kode verifakasi berhasil,Código Captcha obtenido con éxito!,تحصل على رمز التحقق بنجاح!,,,,
绑定成功,Bind successfully,Mengikat berhasil,Vinculación exitosa,تم الربط بنجاح,,,,
提现失败,Withdrawal failed,Penarikan gagal,Falla al retirar el dinero,فشل سحب النقود,,,,
请先选择提取方式！,Please select the withdrawal method first!,Pilih cara penarikan,Seleccione primero el método de retirada.,الرجاءتختار طريقة السحب أولاً!,,,,
您的钻石不足以进行此次提现！,Your diamonds are not enough for this withdrawal!,Berlian anda tidak cukup untuk penarikan ini!,¡No tienes suficientes diamantes para hacer esta retirada!,ألماسك لا يكفي لهذا الانسحاب!,,,,
提现成功,Withdraw successfully,Penarikan berhasil,Retirada de fondos con éxito,تم السحب بنجاح,,,,
未选择提现金额,No selected  withdrawal amount ,Belum pilih jumlah penarikan ,No se ha seleccionado ningún importe de retirada,لم يتم تختار مبلغ السحب,,,,
请先绑定到账方式！,Please bind to the withdrawal method first!,Silahkan mengikat cara penarikan ,"Por favor, ate el método de llegada primero!",يرجى تربط بطريقة السحب أولاً!,,,,
您的钻石不足以进行此次提现！,Your diamonds are not enough for this withdrawal!,Berlian anda tidak cukup untuk penarikan ini!,¡No tienes suficientes diamantes para hacer esta retirada!,ألماسك لا يكفي لهذا السحاب!,,,,
用户资料保存失败，请稍后重试!,"Failed to save user information, please try again later!","Menyimpan data pengguna gagal, silahkan coba lagi nanti","No se ha podido guardar el perfil del usuario, por favor, inténtelo más tarde.",فشل حفظ معلومات المستخدم ، يرجى المحاولة مرة أخرى لاحقًا!,,,,
保存用户信息成功！,Successfully saved user information!,Menyimpan informasin pengguna berhasil,Guardar la información del usuario con éxito!,تم حفظ معلومات المستخدم بنجاح!,,,,
保存失败，未获取到群聊资料！,"Failed to save, did not get the group chat information!","Menyimpan gagal, belum mengoleh data grup","Falla al guardar, ¡no se ha conseguido el perfil del chat de grupo!",فشل الحفظ ، لم يتم الحصول على معلومات الدردشة الجماعية!,,,,
群名称或群公告不能为空哦！,The group name or group announcement cannot be empty!,Nama grup atau pengumuman grup tidak bisa kosong ,El nombre del grupo o el anuncio del grupo no pueden estar vacíos.,اسم المجموعة أو إعلان المجموعة لا يمكن أن يكون  فارغين!,,,,
未做任何修改,No change anything,Tidak ada perubahan apapun,No se han realizado cambios,لا تغيير أي شيء,,,,
修改群聊资料成功！,Successfully modify group chat information!,Mengubah data grup berhasil,Modificar el perfil del chat de grupo con éxito!,تم تعديل معلومات الدردشة الجماعية بنجاح!,,,,
邀请用户信息发送成功！,Invited user information sent successfully!,Berhasil mengirim pesan pengguna yang diundang,Mensaje de invitación enviado con éxito!,تم إرسال معلومات المستخدم المدعو بنجاح!,,,,
邀请用户信息发送失败；,Failed to send the invited user information;,Gagal mengirim pesan pengguna yang diundang;,Fallo en el envío de un mensaje de invitación a los usuarios.,فشل في إرسال معلومات المستخدم المدعو ؛,,,,
举报成功，正在将该用户移出群聊的操作！,The report is successful and the user is being removed from the group chat!,"Laporkan berhasil, pengguna ini sedang dikeluar dari grup",El informe fue exitoso y la acción para sacar al usuario del chat de grupo está en curso.,تم الإبلاغ بنجاح وتمت إزالة المستخدم من الدردشة الجماعية!,,,,
举报失败；,Report failed;,Laporkan berhasil,Falla al informar.,فشل ابلاغ ؛,,,,
移出群聊成功！,Successfully moved out of group chat!,Berhasil keluar dari grup,Moved fuera del chat de grupo exitoso!,تم ازالة بنجاح من الدردشة الجماعية!,,,,
移出成员失败！,Failed to remove member!,Gagal keluar dari grup,La eliminación del miembro ha fallado.,فشل إزالة العضو!,,,,
删除成功,Delete successfully,Berhasil hapus,Borrado con éxito,حذف بنجاح,,,,
不能搜索主播等关键词哦...,Can't search for keywords such as host...,Tidak dapat mencari kata kunci seperti host...,"No se pueden buscar las palabras clave emisor, etc.",لا يمكن البحث عن كلمات رئيسية مثل مضيفة ...,,,,
关键词大于等于两位，匹配结果更准确哦...,"If the keyword is greater than or equal to two digits, the matching result is more accurate...","Jika kata kunci lebih besar dari dua kata, hasil pencocokan lebih benar...","Palabras clave mayores o iguales a dos, los resultados de coincidencia son más precisos ...",إذا كانت الكلمة الرئيسية أكبر من أو تساوي رقمين ، فستكون نتيجة المطابقة أكثر دقة ...,,,,
无法启动相机，请确认摄像头功能完好,The camera cannot be started. Please confirm that the camera is functioning properly,"Tidak bisa memulai kamera, silahkan konfirmasi fungsi kamera masih utuh","La cámara no se inicia, por favor asegúrese de que la función de la cámara está intacta",لا يمكن بدء تشغيل الكاميرا. يرجى التأكد من أن الكاميرا تعمل بشكل صحيح,,,,
连不上互联网，请连接上互联网后重试,"Can't connect to the Internet, please connect to the Internet and try again","Tidak dapat terhubung ke Internet, harap sambungkan ke Internet dan coba lagi","No se puede conectar a Internet, por favor, conéctese a Internet e inténtelo de nuevo",لا يمكن الاتصال بالإنترنت ، يرجى الاتصال بالإنترنت والمحاولة مرة أخرى,,,,
,,,,,,,,
,,,,,,,,
"活体检测失败,请重试",,"Tes gagal, silahkan coba lagi","La prueba in vivo ha fallado, por favor, inténtelo de nuevo",,,,,
操作超时，由于用户在长时间没有进行操作,The operation timed out because the user did not operate for a long time,"Telah melebihi batas waktu, karena tidak melakukan operasional dalam waktu lama","Tiempo de espera de la operación, debido a que el usuario no realiza una operación duranteun largo periodo de tiempo",انتهت مهلة العملية لأن المستخدم لم يعمل لوقت طويل,,,,
保存图片成功,Save the picture successfully,Gambar berhasil disimpan,Guardar la imagen con éxito, تم حفظ الصورة بنجاح,,,,
保存图片失败,Failed to save picture,Gambar gagal disimpan,Fallo al guardar la imagen,فشل حفظ الصورة,,,,
参数异常，请稍候重试...,"Parameter abnormal, please try again later...","Kesalahan parameter, silahkan coba lagi nanti ","Excepción de parámetro, por favor espere e intente de nuevo...",المعلمة غير طبيعية ، يرجى المحاولة مرة أخرى لاحقًا ...,,,,
请先登录,Please log in first,Silahkan login dulu ,"Por favor, inicie sesión primero",الرجاء تسجيل الدخول أولا,,,,
支付异常，请联系客服热线,"Payment is abnormal, please contact customer service ","Pembayaran anoemall, silakan hubungi layanan pelanggan","Pago anormal, póngase en contacto con la línea de atención al cliente",الدفع غير طبيعي ، يرجى الاتصال بخدمة العملاء,,,,
亲，由于您的发言违反了平台绿色公约，若有异议请联系客服,"Dear, because your speech violates the platform green convention, if you have any objection, please contact customer service  ","Sayang, karena bicaraan anda melanggar konvensi platform, silahkan hubungi layanan pelanggan jika anda memiliki keberatan","Estimado, como su declaración viola el pacto verde de la plataforma, por favor, póngase en contacto con el servicio de atención al cliente si tiene alguna objeción",عزيزي ، لأن قولك يخالف اتفاقية المنصة الخضراء ، إذا كان لديك أي اعتراض ، يرجى الاتصال بخدمة العملاء,,,,
举报成功，我们会尽快为您处理,"The report is successful, we will deal with it as soon as possible","Laporkan berhasil, kami akan menyelesaikannya secepatnya",El informe es exitoso y nos ocuparemos de él lo antes posible,ابلاغ ناجح وسوف نتعامل معه في أسرع وقت,,,,
您已退出该群聊！,You have exited this group chat!,Anda telah keluar dari grup ini,Has abandonado este chat de grupo!,لقد خرجت من هذه الدردشة الجماعية!,,,,
对方正在输入...,The other party is typing...,Sedang mengetik,Está escribiendo...,الطرف الآخر يكتب ...,,,,
语音发送失败；,Failed to send voice;,Suara gagal dikirim,Fallo en el envío de la voz.,فشل في إرسال الصوت.,,,,
您今日的畅聊次数已经用完哦~,Your number of chats today has been used up~,Jumlah ngobrol anda telah habis hari ini ,Has agotado tu tiempo de chat por hoy.,تم استخدام عدد الدردشات الخاصة بك اليوم ~,,,,
获取群组信息失败!,Failed to get group information!,Mengoleh informasi grup gagal ,No se ha conseguido la información del grupo.,فشل الحصول على معلومات المجموعة!,,,,
语音时长不能少于3秒,Voice duration cannot be less than 3 seconds,Durasi suara tidak boleh kurang dari 3 detik,La duración de la voz no debe ser inferior a 3 segundos,مدة الصوت لا يمكن أن تقل عن 3 ثوانٍ,,,,
未选中赠送的礼物哦~~,Unselected gifts~~,Belum pilih gift yang akan berikan,Regalo no seleccionado  ~~,هدايا غير مختارة ~~,,,,
发送失败，Lami提醒您文明用语~,"Failed to send, Lami reminds you of civilized words~","Pesan gagal dikirim, diharapkan pada semuanya untuk memakai bahasa yang santun","Enviar fallido, Lami le recuerda que debe usar un lenguaje civilizado~",فشل في الإرسال ، يذكرك لامي بكلمات حضارية ~,,,,
我想找到一个能与我相伴一生的人,,,Quiero encontrar a alguien con quien pueda pasar mi vida,,,,,
没有查找到数据哦～,No data found~,Belum ada data,No se han encontrado datos~,لا توجد بيانات ~,,,,
网络不给力,Network is not strong,Jaringan tidak bagus,La red no funciona,الشبكة غير قوية,,,,
"糟糕 ,与外界失联了\快去诊断网络","Oops,lost contact with the outside world. please check network","Kacau, kehilangan kontak dengan dunia, coba periksa jaringan",Hemos perdido el contacto con el mundo exterior. Ve a diagnosticar la red.,عفوًا ، فقد الاتصال بالعالم الخارجي.يرجى تشخيص الشبكة,,,,
加载中…,Loading…,Memuat,Cargando...,جار التحميل…,,,,
点击或者下拉尝试刷新,Click or drop down to refresh,Klik untuk segarkan,Haga clic o desplácese hacia abajo para tratar de actualizar,انقر أو المنسدلة لتحديث,,,,
取消,Cancel,Batal,Cancelar,إلغاء,,,,
确定,Confirm,komfirmasi,Confirmar,تأكيد,,,,
送礼物,Send gift,Kirim hadiah,Enviar un regalo,أرسل هدية,,,,
设置,Settings,Pengaturan,Configurar,إعدادات,,,,
"当前应用缺少必要权限。请点击""设置""-""权限""-打开所需权限。最后点击两次后退按钮，即可返回。","The current application lacks necessary permissions. Please click ""Settings""-""Permissions""-to open the required permissions. Finally, click the back button twice to return.","Aplikasi saat ini tidak memiliki otoritas yang diperlukan. Silakan klik ""Pengaturan""-""otoritas""-untuk membuka otoritas yang diperlukan. Terakhir, klik tombol kembali dua kali untuk kembali.","La aplicación actual carece de los permisos necesarios. Haga clic en ""Configuración"" -""Permisos"" - active los permisos necesarios. Por último, haga clic dos veces en el botón de retroceso para volver.","البرنامج الحالي يفتقر إلى الأذونات اللازمة. الرجاء النقر فوق ""إعدادات"" - ""أذونات"" لفتح الأذونات المطلوبة. أخيرًا ، انقر فوق زر الرجوع مرتين للعودة.",,,,
请给予应用必要权限，让程序可正常工作。,Please give the app the necessary permissions so that the program can work normally.,Silahkan membuka otoritas yg diperlukan untuk program berjalan,"Por favor, dé a la aplicación los permisos necesarios para que el programa funcione correctamente.",يرجى منح البرنامج الأذونات اللازمة حتى يعمل البرنامج بشكل طبيعي.,,,,
请给予应用相册权限，以便可以正常使用。,Please give the application album permission so that it can be used normally.,Silahkan membuka otoritas album untuk program berjalan,"Por favor, autorice el álbum de la aplicación para que pueda ser utilizado correctamente.",يرجى منح الأذون لألبوم البرنامج حتى يمكن استخدامه بشكل طبيعي.,,,,
允许“Lami Live”访问您的位置？您的位置将用于获取所在地信息，帮助您与同省/同城用户更方便的沟通交流。,"Allow ""Lami Live"" to access your location?  Your location will be used to get local information to help you communicate more easily with users in the same province/city.  ","Izinkan ""Lami Live"" mengakses lokasi anda? Lokasi anda akan digunakan untuk mendapatkan informasi lokasi dan membantu anda berkomunikasi lebih nyaman dengan pengguna di provinsi/kota yang sama.","¿Quieres permitir que ""FunFrame"" acceda a tu ubicación? Su ubicación se utilizará para obtener información sobre su localización y para ayudarle a comunicarse más fácilmente con los usuarios de la misma provincia/ciudad.","هل تسمح لـ ""لامي لايف"" بالوصول إلى موقعك؟ سيتم استخدام موقعك للحصول على معلومات محلية لمساعدتك على التواصل بسهولة مع المستخدمين في نفس المقاطعة / المدينة.",,,,
选择的不是图片,You chose not picture,Yang dipilih itu bukan gambar,La selección no es una imagen,لم تختر صورة,,,,
没有相机,No camera,Tidak ada kamera,Sin cámara,لا يوجد كاميرا,,,,
提示,Notice,Petunjuk,Consejos,ملاحظة,,,,
正在压缩照片…,Compressing picture...,Sedang kompres gambar,Las fotos se están comprimiendo...,جاري ضغط الصورة ...,,,,
图片压缩失败:,Picture compression failed:,Kompres gambar gagal,La compresión de la imagen ha fallado:,فشل ضغط الصورة:,,,,
有裁切失败的图片,Pictures that have failed cropping,Gambar gagal dipotong,Imágenes con recorte fallido,الصور التي فشل قصها,,,,
"有压缩失败的图片""","Pictures that failed to compress""",Kompres gambar gagal,"Hay imágenes de compresión fallida""","الصور التي فشل ضغطها """,,,,
取消裁切,Cancel cropping,Batalkan potong ,Eliminar los recortes,إلغاء القص,,,,
操作被取消,Operation canceled,Operasi dibatalkan,Operación anulada,تم إلغاء العملية,,,,
没有使用相机的权限，请在权限管理中开启,You do not have permission to use the camera. Please enable it in Permission Management,"Tidak ada otoritas kamera, silahkan membukanya di pengaturan otoritas","No hay permiso para usar la cámara, por favor, habilítelo en la Gestión de Permisos",ليس لديك الأذون لاستخدام الكاميرا.الرجاء تفتحها في إدارة الأذونات,,,,
没有使用SD卡的权限，请在权限管理中开启,You do not have the permission to use the SD card. Enable the permission in Permission Management,"Tidak ada otoritas kartu SD, silahkan membukanya di pengaturan otoritas","No hay permiso para usar la tarjeta SD, por favor, habilítelo en la gestión de permisos",ليس لديك الأذون لاستخدام بطاقة SD.الرجاء تفتحها في إدارة الأذونات,,,,
没有使用相机和SD卡的权限，请在权限管理中开启,You have no permission to use the camera and SD card. Enable the permission in Permission Management,"Tidak ada otoritas kartu SD dan kamera, silahkan membukanya di pengaturan otoritas","No hay permiso para usar la cámara y la tarjeta SD, por favor, habilítelo en la Gestión de Permisos",ليس لديك الأذونات لاستخدام الكاميرا  بطاقة SD.الرجاء تفتحهما في إدارة الأذونات,,,,
选择图片,Select picture,Plilih gambar,Seleccionar imagen,اختر صورة,,,,
单击选择,Click to select,Klik untuk pilih ,Haga clic para seleccionar,انقر لتختار,,,,
确定,Confirm,Komfirmasi,Confirmación,تأكيد,,,,
已选,Selected,Telah pilih,Seleccionado,تم الإختيار,,,,
最多能选X张,You can choose X picture at most,Maksimal pilihXgambar,Número máximo de hojas,يمكنك اختيار X صور على الأكثر,,,,
您还没有记录喔,You haven't record yet,Anda belum ada catatan ,Todavía no tienes ningún registro.,لديك لا يوجد سجل بعد,,,,
暂无交易记录呀～,No transaction record yet~,Belum ada catatan transaksi~,Todavía no hay registros de transacciones~,لا يوجد سجل معاملات حتى الآن ~,,,,
暂无收到礼物喔～,Haven't received the gift yet~,Belum ada hadiah yang diterima,Todavía no he recibido ningún regalo.,لم تستلم الهدية بعد ~,,,,
基本资料,basic information,Data dasar,Información básica,معلومات اساسية,,,,
手机认证,Phone authentication,Verifikasi ponsel,Certificación de teléfonos móviles,مصادقة الهاتف,,,,
视频认证,Video authentication,Verifikasi video,Certificación por vídeo,مصادقة الفيديو,,,,
我的认证,My authentication,Verifikasi saya,Mi acreditación,مصادقتى,,,,
我的推荐,My recommendation,Rekomendari saya,Mis recomendaciones,توصيتي,,,,
特权,Privilege,Hak istimewa,Privilegios,امتياز,,,,
设置,Settings,Pengaturan,Configurar,إعدادات,,,,
用户协议,User Agreement,Perjanjian pengguna,Acuerdo de usuario,اتفاقية المستخدم,,,,
隐私政策,Privacy Policy,Kebajikan pribadi,Política de privacidad,سياسة الخصوصية,,,,
等级,Level,Tingkatan ,Nivel,مستوى,,,,
返回,Return,Kembalik ,Volver,رجوع,,,,
消息,Message,Pesan,Noticias,رسالة,,,,
暂时没有好友呀～～,No friends yet~~,Belum ada teman,No hay amigos por el momento~~,لا يوجد أصدقاء بعد ~~,,,,
钻石可用于兑换金币,Diamonds can be exchanged for gold coins,Berlian bisa ditukar dengan koin,Los diamantes pueden cambiarse por monedas de oro, الماس يمكن تبادل  بعملات ذهبية,,,,
兑换金币,Exchange gold coins,Tukar koin,Canje de monedas de oro,تبادل العملات الذهبية,,,,
请输入兑换数量,Please enter the exchange amount,Silahkan masukkan jumlah yang ditukar,Introduzca la cantidad a canjear,الرجاء إدخال مبلغ التبادل,,,,
余额,Balance,Saldo,Balance,رصيد,,,,
确认兑换,Confirm exchange,komfirmasi tukar,Confirmación del reembolso,تأكيد التبادل,,,,
钻石可兑换金币，总换比例：10钻石=10金币，钻石 数量必须为10的整数倍,"Diamonds can be exchanged for gold coins, the total exchange ratio: 10 diamonds = 10 gold coins, the number of diamonds must be an integral multiple of 10.","Berlian bisa tukar koin, 10 berlian=10 koin, jumlah berlian harus merupakan kelipatan integral 10.","Los diamantes pueden cambiarse por monedas de oro, relación de cambio total: 10 diamantes = 10 monedas, el número de diamantes debe ser un múltiplo entero de 10",يمكن تبادل الماس بعملات ذهبية ، معدل التبادل الإجمالي: 10 ماسات = 10 عملات ذهبية ، يجب أن يكون عدد الماس مضاعفًا متكاملًا لـ 10.,,,,
请输入要兑换的钻石数量,Please enter the number of diamonds you want to exchange,Silahkan masukkan jumlah berlian yang ditukar,"Por favor, introduzca el número de diamantes a canjear",الرجاء إدخال عدد الماسات التي تريد تبادلها,,,,
兑换的钻石必须为10的整数倍,The diamond to be exchanged must be an integral multiple of 10,Berlian yang ditukar itu harus kelipatan integral 10,Los diamantes deben canjearse en múltiplos enteros de 10,يجب أن يكون الألماس المراد تبادله من مضاعفات العدد 10,,,,
钻石数量少于兑换数量,The number of diamonds is less than the number of exchanges,Jumlah berlian kurang dari jumlah yang ditukar,Menos diamantes que los canjeados,عدد الماس أقل من عدد التبادل,,,,
兑换成功,Exchanged successful,Tukar berhasil,Redención exitosa,تم تبادل بنجاح,,,,
请稍后…,Please wait…,Tunggu sebentar,"Por favor, espere...",يرجى الانتظار…,,,,
充值,Recharge,Top up,Recarga,إعادة الشحن,,,,
充值,Recharge,Top up ,Recarga,إعادة الشحن,,,,
%元,%$,%$,%$,%$,,,,
先选金额再充值,Select the amount first and then recharge,Pilih jumlah untuk top up,Elija primero la cantidad antes de recargar,اختر المبلغ أولا ثم أعد الشحن,,,,
提现,Withdraw,Penarikan,Retirada de fondos,سحب النقود,,,,
您将要提现%元,You will withdraw %$,Anda akan menarik%$,Estás a punto de retirar %$,سوف تسحب٪$,,,,
提现,Withdraw,Penarikan,Retirada de fondos,سحب النقود,,,,
收益,Income,Penghasilan,Ingresos,دخل,,,,
暂无搜索结果,No search results,Tidak ada data ,Todavía no hay resultados de búsqueda,لا توجد نتائج بحث,,,,
房间设置,Room settings,Pengaturan ruangan,Configuración de la sala,إعدادات الغرفة,,,,
输入密码,Enter password,Masukkan kata sandi,Introduzca su contraseña,أدخل كلمة المرور,,,,
请稍后…,Please wait…,Tunggu sebentar,"Por favor, espere...",يرجى الانتظار…,,,,
在线用户,Online user,Pengguna online,Usuarios en línea,مستخدم علي الانترنت,,,,
礼物记录,Gift record,Catatan hadiah,Registro de regalos,سجل الهدية,,,,
提示,Remind,Petunjuk,Consejos,ملاحظة,,,,
您已被房主设置为管理员,You have been set up as admin by the room owner,Anda telan ditetapkan administrator oleh pemilik ruangan,El propietario le ha establecido como administrador,صاحب الغرفة تم يعطي لك ادمن الغرفة ,,,,
您已被房主移除管理员,You have been removed as admin by the room owner,Anda telah dikeluar oleh pemilik ruangan sebagai administrator,Has sido eliminado como administrador por el propietario, صاحب الغرفة تمت إزالتك كادمن الغرفة,,,,
您已被房主或管理员抱下麦,You have been romoved from mic by room owner/admin,Anda telah diturun dari kursi oleh pemilik ruangan,El propietario o el administrador te han apartado del micrófono,صاحب/ادمن الغرفة تمت إزالتك من المايك,,,,
您已被房主或管理员抱上麦，但并未开启麦克风，需要说话请打开麦克风,"You have been invited take mic by room owner/admin, but the mic is not turned on. If you need to speak, please turn on the mic","Anda telah dinaik kursi oleh administrator atau pemilik ruangan, tapi belum buka mic, silahkan buka mic dulu jika mau bicara","El propietario o el administrador le han puesto el micrófono, pero éste no está encendido, por favor, enciéndalo si necesita hablar",صاحب/ادمن الغرفة دعوتك لأخذ المايك ، لكن المايك لم يتم تشغيله. إذا تريد ان تتكلم، يرجى تفتح المايك,,,,
在线听众,online user,Pengguna online,Audiencia en línea,مستخدم علي الانترنت,,,,
禁麦此座位,Mute mic,Kunci mic kursi ini ,Prohibir este asiento,كتم صوت المايك,,,,
解禁此座位,Unmute mic,Buka mic kursi ini,Desbloquear este asiento,فتح صوت المايك,,,,
抱上麦,Take mic,Naik kursi,Agarra el micrófono,اخذ المايك,,,,
抱下麦,Romove from mic,Turun kursi,Mantén el micrófono,إزالة من المايك,,,,
解封此座位,Block seat,Kunci kursi ini ,Desbloquear este asiento,قفل المقعد,,,,
封锁此座位,Unblock seat,Buka kursi ini ,Bloquear este asiento,فتح المقعد,,,,
底部有新消息,New message at the bottom,Ada pesan di bawah ,Hay nuevas noticias en la parte inferior,رسالة جديدة في الأسفل,,,,
没有空余坑位,No have empty mic,Tidak ada kursi kosong ,No hay espacio en el foso,لا يوجد المايك الفارغ,,,,
下麦旁听,,,Bajo el micrófono para escuchar,,,,,
设置管理员,Setting admin,Pengaturan administrator,Configurar el administrador,تعيين ادمن,,,,
移除管理员,Remove admin,Hapus administrator ,Eliminar el administrador,إزالة ادمن,,,,
资料,Data,Data,Información,البيانات,,,,
赠送,Send,Kirim ,Presentando,أرسل,,,,
1一心一意,1,1 sepenuh hati,1 Mentalidad única,1,,,,
10十全十美,10,10 Sempurna,10 Todos perfecciones,10,,,,
66一切顺利,66,66 Semuanya berjalan dengan baik,66 Todo está bien,66,,,,
99长长久久,99,99Selama-lamanya,99 Largo y Largo,99,,,,
188要抱抱,188,188 ingin peluk,188 Quiero un abrazo,188,,,,
520我爱你,520,520 saya mencintai mu,520 Te quiero ,520,,,,
1314一生一世,1314,1314Cinta abadi,1314  por vida,1314,,,,
关于Lami Live,About Lami Live,Tentang Lami Live,Acerca de Fun Edge,حول لامي لايف,,,,
版本号：,Version number:,Nomor versi,Número de versión.,رقم الإصدار:,,,,
在这里 遇见趣缘,,,Aquí: Conoce a Lami,,,,,
手机绑定,Phone binding,Pengikatan ponsel,Paquete de teléfonos móviles,ربط الهاتف,,,,
问题反馈,Feedback,Umpan balik,Preguntas y respuestas,تعليقات,,,,
常见问题解答,FAQ,FAQ,FAQ,FAQ,,,,
免打扰设置,Do not disturb settings,Pengaturan tidak ganggu ,Configuración de no molestar,إعدادات عدم الإزعاج,,,,
关于我们,About us,Tentang kami,Sobre nosotros,عنا,,,,
更新检测,Update APP,Perbarui deteksi,Detección de la actualización,تحديث البرنامج,,,,
实验室,Laboratory,Laboratorium,Laboratorio,مختبر,,,,
退出登录,Log out,Keluar,Cerrar la sesión,تسجيل الخروج,,,,
暂时还没有礼物哟,No have gift yet,Belum ada hadiah,Todavía no hay regalos,لا توجد هدية بعد,,,,
装扮商城模块文本,,,Texto del módulo Dress Up Shop,,,,,
您还没有炫酷头饰，赶紧购买吧,"You don’t have headwear yet, buy it now","Anda belum ada bingkai keren, cepat membelinya","Todavía no tienes un tocado, ¡consigue el tuyo ahora!",ليس لديك اطار بعد ، قم بشراء الآن,,,,
您还没有炫酷座驾，赶紧购买吧,"You don’t have ride yet, buy it now","Anda belum ada kendaraan keren, cepat membelinya","Todavía no tienes un coche, ¡así que consíguelo ya!",ليس لديك ركوب بعد ، قم بشراء الآن,,,,
装扮商城,Mall,,Centro comercial de disfraces,متجر,,,,
正在试驾座驾请稍后…,"Test ride, please wait...","Sedang coba kendaraan, harap tunggu sebentar","Por favor, espere mientras probamos el coche...",جرب الركوب ، يرجى الانتظار ...,,,,
购买成功！,Purchase is successful!,Pembelian berhasil,Compra con éxito!,تم الشراء بنجاح!,,,,
续费成功！,Renewal successful!,Perpanjanan berhasil,Renovación exitosa!,تم التجديد بنجاح!,,,,
取消使用成功！,Cancel the use successfully!,Berhasik dibatalkan,Anulación del uso con éxito!,إلغاء الاستخدام بنجاح!,,,,
使用成功！,Used successfully!,Berhasik digungkan,Utilízalo con éxito.,تم الاستخدام بنجاح!,,,,
"0123456789~`!@#$^*()-+=>,.>?/;:\'""","0123456789~`!@#$^*()-+=>,.>?/;:\'""","0123456789~`!@#$^*()-+=>,.>?/;:\'""","0123456789~`! @#$^*()-+=>,. >? /;:\'""","0123456789~`!@#$^*()-+=>,.>?/;:\'""",,,,
%.2元,%.2$,%.2$,%.2$,%.2$,,,,
%人,%users,%orang,% Personas,٪المستخدم,,,,
%岁,%years,%umur,% Edad,٪سنة,,,,
请选择出生年月,Please select birth date,Silakan pilih tanggal lahir,Seleccione el año y el mes de nacimiento,الرجاء اختر تاريخ الميلاد,,,,
%免费赠送您一次相亲机会,,,% Oportunidad de búsqueda de pareja gratuita para usted% ,,,,,
%邀请你上麦,%Invite you take mic,%mengundang anda naik kursi,Invitarte al micrófono,٪يدعوك تأخذ المايك,,,,
%邀请你进房,%Invites you enter the room,%mengundang anda masuk ruangan,% Invitarte a la sala,٪يدعوك إلى دخول الغرفة,,,,
申请上麦,Request take mic,Terapkan untuk mengambil mic,Solicita el micrófono,طلب أخذ المايك,,,,
上麦是否收取%金币,Take mic whether to charge% gold coins,Apakah naik kursi mengenakan biaya% koin?,Tome el micrófono si cargar % monedas de oro,اخذ المايك تكلف٪ من العملات الذهبية,,,,
确认下麦,Confirm remove from mic,Komfirmasi turun kursi,Confirmación de la salida del micrófono,تأكيد الإزالة من المايك,,,,
赠送一枚金币,Send 1 gold coins,Kirim 1 koin ,Presentación de una coin,أرسل 1 عملات ذهبية,,,,
%岁,%years,%umur,% Edad,٪سنة,,,,
等待中,Waiting...,Tunggu,Esperando,في انتظار...,,,,
%金币,%Gold coins,%koin,%monedas de oro,٪عملات ذهبية,,,,
申请上麦,Request take mic,Terapkan untuk naik kursi,Solicita el micrófono,طلب أخذ المايك,,,,
免费上麦,Free take mic,Naik kursi gratis,Libre en el micrófono,اخذ المايك مجانًا,,,,
"15天内赠送达到999金币 且排名第一的为守护, 单次赠送价值99金币及以上的礼物可以刷新守护身份！",,Berikan hadiah capai 999 koin dalam 15 hari dan pertama di peringkat wali. Kirim hadiah senilai 99 koin atau atas bisa menyegarkan status wali!,"La persona que entregue 999 billetes en un plazo de 15 días y se sitúe en primer lugar será el guardián, un solo regalo de 99 billetes o más renovará la condición de guardián",,,,,
需要完善,Need to complete,Perlu melengkapi,Necesita refinamiento,بحاجة لإكمال,,,,
特惠头饰,,Bingkai murah,Oferta especial de tocados,,,,,
未通过,Did not pass,Tidak lewat,Fallido,لم يجتز,,,,
需认证,Need to be authorization,Perlu otorisasi,Certificación requerida,تحتاج إلى إذن,,,,
可以获得更多权限,Can get more permissions,Bisa mendapat otoritas lebih banyak,Se pueden obtener más permisos,يمكن الحصول على المزيد من الأذونات,,,,
已认证,Authenticated,Telah otorisasi,Acreditado,تم المصادقة,   ,,,
学历,,,Calificaciones académicas,,,,,
职业,,,Ocupación,,,,,
住址,,,Vivienda,,,,,
魅力部位,,,Piezas atractivas,,,,,
血型,,,Tipo de sangre,,,,,
父母同住与否,,,Padres que viven juntos o no,,,,,
婚前同居,,,Convivencia prematrimonial,,,,,
昵称,标红色不用翻译,,Apodo,,,,,
正在视频直播中…,In the live video...,Sedang siaran langsung video,Transmisión de vídeo en directo en curso...,في الفيديو البث ...,,,,
正在语音直播中…,In the live voice...,Sedang siaran langsung voice,Transmisión de audio en directo en curso...,في الصوت البث ...,,,,
申请中,Applying...,Sedang aplikasi,Aplicación en curso,جاري الطلب ...,,,,
排麦列表,Mic list,Daftar antre,Lista de tiradas de trigo,قائمة المايك,,,,
红娘免费帮您找对象哦，上麦聊聊？,,,Servicio gratuito de búsqueda de pareja para usted. ¿tomar al micrófono y hablar?,,,,,
麦上展示自己更容易找对象，上麦聊聊？,,,Es más fácil mostrarse en el micrófono y encontrar una cita... ¿tomar al micrófono y hablar?,,,,,
邀请新成员,Invite new members,Mengundang anggota baru,Invitación a nuevos miembros,دعوة أعضاء جدد,,,,
消耗%金币,Consume% gold coins,Habiskan%koin,Consume % monedas de oro,تستهلك٪عملات ذهبية,,,,
15天内礼物赠送榜单,Gift list within 15 days,Peringkat kirim hadiah dalam 15 hari,Lista de regalos en 15 días,قائمة الهدايا خلال 15 يوم,,,,
系统给您分配了一位%嘉宾,,Sistem telah mendistribusikan 1%tamu ke anda,El sistema le ha asignado un % de invitado,,,,,
消耗%.0钻石,Consume %.0 diamond,Habiskan%koin,Consumo %.0 Diamantes,تستهلك٪.0 الماس,,,,
点赞我的,My like,Suka saya,Gustar a mi,اعجابي,,,,
我点赞的,I liked,Disukai saya,Me gustó,يعجبني,,,,
还剩,Balance,Sisa,Todavía queda,,,,,
点击聊天就直接到对话页面,Click on chat directly go to the conversation page,Klik obrolan untuk langsung ke halaman percakapan,Haga clic en el chat para ir directamente a la página de la conversación,اضغط على الدردشة مباشرة اذهب الى صفحة المحادثة,,,,
送礼物会让对方优先看到你提升匹配几率,Sending gifts will allow the other party to see you first and increase the chance of matching,Mengirim hadiah akan memungkinkan pihak lain untuk melihat anda dan meningkatkan peluang kecocokan,El envío de regalos te hará visible a la otra persona en primer lugar y mejorará tus posibilidades de conseguir una pareja,سوف يمكن إرسال الهدايا للطرف الآخر برؤيتك أولاً وزيادة فرصة المطابقة,,,,
%s钻石,%s diamonds,%s berlian,%s Diamantes,٪s ماسات,,,,
热度：,Popularity:,Kepopuleran:,El calor.,شعبية:,,,,
已完善,Completed,Telah lengkap ,Perfeccionado,تم الإكمال,,,,
申请,Application,Aplikasi,Aplicación,طلب,,,,
在线,Online,Online,En línea,على الانترنت,,,,
%人申请上麦,%s user apply for take mic,%pengguna mengajukan permohonan untuk mengambil mikrofon,% de personas que solicitan el micro,٪s مستخدم طلب المايك,,,,
消息推送模块,Message push module,Modul push pesan,Módulo de envío de mensajes,وحدة دفع الرسائل,,,,
我点赞的人,I liked,Orang yang disukai saya,Gente que me gustaba,اعجابي,,,,
喜欢我的人,My liked,Orang yang saya suka,La gente a la que le gusto,يعجبني,,,,
最近访客,Visitors,Pengunjung,Visitantes recientes,زوار,,,,
猜你喜欢,,Apa yang kamu suka,Adivina qué te gusta,,,,,
手机认证,Phone authentication,Otentikasi ponsel,Certificación de teléfonos móviles,مصادقة الهاتف,,,,
上麦%金币,Take mic%s gold coins,Naik kursi%koin,tomar al micrófono % monedas de oro,اخذ مايك %s العملات الذهبية,,,,
邀请,Invite,Undang,Invitación,دعوة,,,,
嘉宾相亲记录,,Catatan kencan ,Récord de coincidencia de invitados,,,,,
相亲%次,,Kencan%kali,Citas a ciegas % veces,,,,,
"视频相亲，需要开启相机与录音的权限。请点击""设置""-""权限""-打开所需权限。\最后点击两次后退按钮返回，视频房需要重新上麦即可","Video blind date requires the permission to turn on the camera and record. Please click ""Settings""-""Permissions""-to open the required permissions. \Finally, click the back button twice to return, and the video room needs to be re-installed","Video kencan memerlukan otoritas untuk menyalakan kamera dan merekam. Silakan klik ""Pengaturan""-""otoritas""-untuk membuka otoritas yang diperlukan. \Akhirnya, klik tombol kembali dua kali untuk kembali, dan ruang video perlu naik mic lagi","Para el emparejamiento por vídeo, es necesario activar la cámara y los permisos de grabación. Haga clic en ""Configuración"" - ""Permisos"" - para activar los permisos necesarios. Haz clic dos veces en el botón de retroceso al final para volver, la sala de vídeo tendrá que volver a ser grabada","يتطلب تاريخ عمياء الفيديو الإذن بتشغيل الكاميرا والتسجيل. الرجاء النقر فوق ""إعدادات"" - ""أذونات"" - لفتح الأذونات المطلوبة. \ أخيرًا ، انقر فوق زر الرجوع مرتين للعودة ، وستحتاج غرفة الفيديو إلى إعادة التثبيت",,,,
"音频交友，需要开启录音权限。请点击""设置""-""权限""-打开所需权限。最后点击两次后退按钮返回。","To make friends with audio, you need to enable recording permission. Please click ""Settings""-""Permissions""-to open the required permissions. Finally, click the back button twice to return.","Berteman dengan audio, Anda harus membuka otoritas perekaman. Silakan klik ""Pengaturan""-""Otoritas""-untuk membuka otoritas yang diperlukan. Terakhir, klik tombol kembali dua kali untuk kembali.","Para las citas de audio, es necesario activar el permiso de grabación. Haga clic en ""Configuración"" - ""Permisos"" - active los permisos necesarios. Por último, haga clic dos veces en el botón de retroceso para regresar.","لتكوين صداقات مع الصوت ، تحتاج إلى تمكين إذن التسجيل. الرجاء النقر فوق ""إعدادات"" - ""أذونات"" - لفتح الأذونات المطلوبة. أخيرًا ، انقر فوق زر الرجوع مرتين للعودة.",,,,
"1.银币可以通过签到以及其他任务获得
 2.银币可用于参与银币抽奖活动以及在银币商城兑换礼物
 3.银币不可提现","1. Silver coins can be got through sign-in and other tasks
2. Silver coins can be used to participate in the silver coins lottery and redeem gifts in the silver coins mall
3. Silver coins cannot be withdrawn",1. Koin perak diperoleh melalui absen dan tugas lainnya 2. Koin perak digunakan untuk berpartisipasi dalam lotre koin perak dan bertukar hadiah di mal koin perak 3. Koin perak tidak bisa ditarik,1. Las monedas de plata pueden obtenerse a través de las inscripciones y otras tareas 2. Las monedas de plata pueden utilizarse para participar en el Sorteo de monedas de plata y canjearse por regalos en el Centro Comercial de monedas de plata 3. Las monedas de plata no pueden retirarse,"1. يمكن الحصول على العملات الفضية من خلال تسجيل الدخول ومهام أخرى
2. يمكن استخدام العملات الفضية للمشاركة في يانصيب العملات الفضية واسترداد الهدايا في مركز التسوق للعملات الفضية
3. لا يمكن سحب العملات الفضية",,,,
银币记录,Silver coins record,Catatan koin perak,Récord de monedas de plata,سجل العملات الفضية,,,,
累计签到%天,Accumulative sign-in%s days,Akumulatif absen%hari,Acumulado % días firmados en,,,,,
"实名认证，需要开启相机与读写SD卡的权限。\请点击""设置""-""权限""-打开所需权限。","Real-name authentication requires the permission to turn on the camera and read and write the SD card. \Please click ""Settings""-""Permissions""-to open the required permissions.","Otentikasi nama asli memerlukan otoritas untuk menyalakan kamera dan kartu SD. Silahkan klik""Pengaturan""-""Otoritas"" untuk membuka otoritas yang diperlukan.","Para la autentificación del nombre real, es necesario activar la cámara y los permisos de lectura/escritura de la tarjeta. Haga clic en ""Configuración"" - ""Permisos"" - para abrir los permisos necesarios.","تتطلب مصادقة الاسم الحقيقي الإذن بتشغيل الكاميرا وقراءة بطاقة SD وكتابتها.\ الرجاء النقر فوق ""الإعدادات"" - ""الأذونات"" - لفتح الأذونات المطلوبة.",,,,
安全交友提醒：在交友过程，请不要与对方发生任何形式的钱财往来，以免上当受骗。谈话中如提及到添加外部聊天工具（如、微信、电话等），请谨慎添加。点击查看赌博/彩票/投资诈骗、假借钱、索要钱财礼物等常见骗术。,,,"Recordatorio de citas seguras: Por favor, no realice ningún tipo de intercambio de dinero con el otro durante el proceso de citas para evitar ser engañado. Ten cuidado al añadir herramientas de chat externas (por ejemplo, WeChat, teléfono, etc.) si se mencionan en la conversación. Haga clic para ver las estafas más comunes, como la de los juegos de azar/lotería/inversión, la de los préstamos de dinero falsos y la de los regalos de dinero.",,,,,
安全交友提醒：在交友过程，请不要与对方发生任何形式的钱财往来，以免上当受骗。谈话中如提及到添加外部聊天工具（如、微信、电话等），请谨慎添加。,,,"Recordatorio de citas seguras: Por favor, no realice ningún tipo de intercambio de dinero con el otro durante el proceso de citas para evitar ser engañado. Ten cuidado al añadir herramientas de chat externas (por ejemplo, WeChat, teléfono, etc.) si se mencionan en la conversación.",,,,,
非好友聊天，都在这里哟~~,"Non-friends chat, they are all here~~","Obrolan non-teman, mereka semua ada di sini~~","El chat de los no amigos, está todo aquí~~",الدردشة مع غير الأصدقاء ، كلهم هنا ~~,,,,
%元,%$,%$,%$,%$,,,,
%元,%$,,0.00%,%$,,,,
暂无其他动态哦\你可以先发一个试试~~,No other moment yet\You can try post one first~~,"Belum ada monment, anda bisa terkirimnya",No hay más novedades en este momento\ ~ Usted puede enviar un primer intento~~,لا توجد لحظة أخرى بعد \ يمكنك محاولة نشر واحدة أولاً ~~,,,,
获取%个银币,Get%s silver coins,Mendapat%koin perak,Obtener % de monedas de plata,حصل على ٪s عملات فضية,,,,
今日点赞数已达到上限哟~,The number of likes today has reached the upper limit~,Jumlah suka hari ini telah mencapai batas,Hoy se ha alcanzado el número máximo de likes~,لقد وصل عدد الإعجابات اليوم إلى الحد الأعلى ~,,,,
连击,Hit,Klik,Combo,انقر,,,,
剩余金币：%s,Balance gold coins: %s,Saldo koin:%.0,monedas de oro restantes: %s,رصيد العملات الذهبية:٪s,,,,
,,,¡Felicidades y mucha suerte!,,,,,
手慢了，红包已被抢完,"Sorry, the lucky bag has been taken from others","Terlambat, kantong keberuntungan telah habis diambil","Manos lentas, los paquetes rojos han sido arrebatados",آسف، صندوق الحظ قد مأخذ من أخرين,,,,
确认切换专属相亲？,,,¿Confirmación de la conmutación de las citas a ciegas exclusivas?,,,,,
切换专属房后，观众将被踢出房间。请记得提醒男嘉宾准备充足金币入场,,,"Tras pasar a la sala exclusiva, el público será expulsado de la sala. Por favor, recuerde que los invitados masculinos deben preparar suficientes monedas de oro para la entrada",,,,,
确认切换公开房？,Confirm to switch to public room?,Konfirmasi untuk beralih ruang publik?,¿Confirmación del cambio a casa abierta?,هل تريد التأكيد للتبديل إلى الغرفة العامة؟,,,,
是否确认切换普通三人视频房？,Are you sure to switch to the ordinary 3 seat video room?,Apakah anda yakin beralih ke ruang video tiga orang?,¿Quieres confirmar el cambio a una sala de vídeo normal de tres personas?,هل تتأكد من التبديل إلى غرفة الفيديو العادية المكونة من 3 مقاعد؟,,,,
金币数量不能小于20个哦,The number of gold coins cannot be less than 20,Jumlah koin tidak bisa kurang dari 20 koin,El número de monedas de oro no debe ser inferior a 20.,عدد العملات الذهبية لا يمكن أن يكون أقل من 20,,,,
红包个数最多只能10个哦,The number of lucky bag can only be 10 at most,Jumlah kantong keberuntungan maksimal 10,El número máximo de paquetes rojos es de 10.,لا يمكن أن يكون عدد صندوق الحظ إلا 10 على الأكثر,,,,
红包个数不能为0个哦,The number of lucky bag cannot be 0,Jumlah kantong keberuntungan tidak bisa kosong,El número de paquetes rojos no puede ser 0.,لا يمكن أن يكون عدد صندوق الحظ 0,,,,
输入的金币数量有误哦,The number of gold coins entered is wrong,Jumlah koin yang dimasukkan salah ,El número de monedas de oro introducido es incorrecto.,عدد العملات الذهبية التي تم إدخالها خاطئ,,,,
输入的红包数量有误哦,The number of lucky bag entered is wrong,Jumlah kantong keberuntungan yang dimasukkan salah,El número de paquetes rojos introducidos es incorrecto.,عدد صندوق الحظ التي تم إدخالها خاطئ,,,,
未填写金币数量哦,Did not fill in the number of gold coins,Belum mengisi jumlah koin,El número de monedas de oro no se rellena,لم تملأ عدد العملات الذهبية,,,,
未填写红包数量哦,Did not fill in the number of lucky bag,Belum mengisi jumlah kantong keberuntungan,El número de paquetes rojos no se rellena%.0,لم تملأ عدد صندوق الحظ,,,,
%s 个,,,,,,,,
共%个，总金币%个,"Total%s Pieces,Amount%s coins","Total%, total%koin","Total % de billetes, total % de billetes",إجمالي ٪s القطع، مبلغ ٪s كونزات ,,,,
已领取%个,Received %s Pieces,Telah menerima%koin,Recibido % de,استلام ٪s قطعة,,,,
暂时没有任何直播哦,There is currently no live,Belum ada siaran langsung apapun ,En este momento no hay transmisiones en vivo disponibles.,لا يوجد أي بث حاليا,,,,
开启飘屏效果，1金币/条,"Turn on flutter screen effect, 1 gold coin/time","Nyalakan efek layar mengambang, 1 koin/kali","Activar el efecto de pantalla flotante, 1 coin/barra",قم بتشغيل تأثير شاشة الرفرفة، تكلف 1عملة الذهبية/مرة,,,,
在此输入你要说的话!,Enter what you want to say here!,Masukkan perasaan anda di sini ,Escriba aquí lo que tiene que decir.,ادخل ما تريد قوله هنا!,,,,
发送消息飘屏，内容不能超过16个字哦！,"Send flutter message, the content cannot exceed 16 characters!",Kirim pesan layar mengambang tidak bisa lebih dari 16 kata,Envía un mensaje a la pantalla flotante con no más de 16 caracteres.,إرسال رسالة رفرفة، لا يمكن أن يتجاوز المحتوى 16 حرفًا!,,,,
本周排名：0,Rank this week: 0,Peringkat minggu ini:0,Clasificación esta semana: 0,ترتيب هذا الأسبوع:0,,,,
在线人数,Online users,Jumlah pengguna online ,Número de personas en línea,مستخدم علي الإنترنت,,,,
金币%个,%s Gold coins,%koin,monedas de oro % de,٪s عملات ذهبية,,,,
一道金光闪过，进入了直播间,,Telah masuk ruangan siaran langsung,Una luz dorada parpadeó y  entró en la sala en vivo,,,,,
入驻贡献榜，入驻头等舱,,"Masuk peringkat kontribusi, masuk kelas pertama","Admisión en la lista de cotización, admisión en primera clase",,,,,
总榜第一 %，霸气降临直播间,"Top1 %s of the total rank,enter the live room",% Pertama dari peringkat total telah masuk ruangan siaran langsung ,"%, el número 1 de la tabla general, acude a la retransmisión en directo",,,,,
直播,Live,Siaran langsung ,Transmisión en directo,,,,,
三人房,3 seat,3 kursi,3 asientos,3 مقاعد,,,,
七人房,7 seat,7kursi,7 asientos,7 مقاعد,,,,
滤镜,Blur,saring ,Filtros,طمس,,,,
美白,Whitening,Whitening,Blanqueamiento,تبييض,,,,أصل
磨皮,Buffing,Buffing,Dermabrasión,صقل,,,,طبيعي
瘦脸,Face thinning,Face thinning,Adelgazamiento de la cara,وجه رقيق,,,,رائع
大眼,Big eyes,Big eyes,Ojos Grandes,عيون كبيرة,,,,أحمر خدود
原图,Origin,Origin,Imagen original,أصل,,,,طازج
自然,Natural,Natural,Naturaleza,طبيعي,,,,وميض
淡雅,Cool,Cool,Ligero y elegante,رائع,,,,منتصف الصيف
粉嫩,Blush,Blush,rosa,أحمر خدود,,,,فجر
清新,Fresh,Fresh,Frescura,طازج,,,,دافئ
微光,Shimmer,Shimmer,Brillante,وميض,,,,حيوية
盛夏,Midsummer,Midsummer,Alto verano,منتصف الصيف,,,,الأكسجين
晨曦,Dawn,Dawn,Gloria de la mañana,فجر,,,,
暖风,Warm,Warm,Brisa cálida,دافئ,,,,
元气,Vitality,Vitality,vitalidad,حيوية,,,,
氧气,Oxygen,Oksigen,Oxígeno,الأكسجين,,,,
抱歉，初始化摄像头失败,"Sorry, the camera failed to initialize","Maaf, kamera tidak dapat diinisialisasi","Lo siento, ha fallado la inicialización de la cámara",آسف، فشلت الكاميرا في التهيئة,,,,
该设备上缺少 服务。,The service is missing on the device.,Ponsel ini kurang layanan,Hay una falta de servicio en este dispositivo.,الخدمة مفقودة على الجهاز.,,,,
目前正在此设备上更新 服务。,The service is being updated on this device.,Sedang perbarui layanan ,El servicio se está actualizando en este dispositivo.,يتم تحديث الخدمة على هذا الجهاز.,,,,
已安装的 服务版本已过期。,The installed service version has expired.,Versi yang diinstal telah kedaluarsa,La versión instalada del servicio ha caducado.,انتهت صلاحية إصدار الخدمة المثبتة.,,,,
此设备已禁用已安装的 服务版本。,The installed service version has been disabled for this device.,Versi yang diinstal telah dinonaktifkan ponsel ini ,La versión instalada del servicio ha sido desactivada para este dispositivo.,تم تعطيل إصدار الخدمة المثبتة لهذا الجهاز.,,,,
此设备上安装的 服务版本不正确。,The service version installed on this device is incorrect.,Versi yng diinstal anda tidak normal di ponsel ini,La versión de servicio instalada en este dispositivo es incorrecta.,إصدار الخدمة المثبت على هذا الجهاز غير صحيح.,,,,
您的网络开小差了，请重试!,"Your network is abnormal, please try again!","Jaringan anda tidak bagus, silahkan coba lagi nanti ","Su red está estropeada, por favor, inténtelo de nuevo.",شبكتك غير طبيعية، يرجى المحاولة مرة أخرى!,,,,
操作失败,Operation failed,Oprasi gagal,Operación fallida,فشلت العملية,,,,
国家/地区,Country/Region,Negara/wlayah,País/región,البلد/المنطقة,,,,
请选择,Please select,Silahkan pilih,"Por favor, seleccione",يرجي اختر,,,,
生日,Birthday,Tanggal lahir,Cumpleaños,عيد الميلاد,,,,
,,,,,,,,
,,,,,,,,
内容含有敏感词，发布失败!,"The content contains sensitive words, the posted failed!","Konten berisi kata-kata sensitif, terkirim gagal ","El contenido contiene palabras sensibles, ¡publicación fallida!",المحتوى يحتوي على كلمات حساسة ، فشل المنشور!,,,,
图片违规，请重新添加,"The picture violates the rules, please add it again","Pelanggaran gambar, tolong tambahkan lagi","La imagen es ilegal, por favor, vuelva a añadirla",الصورة تنتهك القواعد ، يرجى إضافتها مرة أخرى,,,,
数据异常！,The data is abnormal!,Data anormal,¡Anomalías en los datos!,البيانات غير طبيعية!,,,,
举报成功~~,Report successful~~,Laporkan berhasil ,Reportado con éxito~~,إبلاغ بنجاح ~~,,,,
请告诉我们你的建议哦~~,Please tell us your suggestion~~,Silahkan kasih tau saran anda ke kami ,"Por favor, háganos llegar sus sugerencias~~",يرجى إخبارنا باقتراحك ~~,,,,
在线人数 $,Online user$,Jumlah pengguna online$,Número de personas en línea $,مستخدم على الإنترنت$,,,,
恭喜%s和%s 成为情侣%s的守护,,,Felicidades %s y %s se convierten en pareja %s de tutela,,,,,
本场音符：,,,Monedas de oro de la sesión.,,,,,
评论内容不能为空!,The comment content cannot be empty!,Konten komentar tidak bisa kosong ,Los comentarios no pueden estar vacíos.,محتوى التعليق لا يمكن أن يكون فارغا!,,,,
删除,Delete,Hapus,Borrar,حذف,,,,
确定要删除该动态吗？,Are you sure delete this moment?,Apakah hapus moment ini?,¿Está seguro de que quiere eliminar esta dinámica?,هل تتأكد حذف هذه اللحظة؟,,,,
举报,Report,Laporkan,Denuncia,إبلاغ,,,,
回复,Reply,Balas,Respuesta,رد,,,,
色情,Pornography,pornografi,Pornografía,إباحية,,,,
不良信息,Bad information,Informasi buruk,Información adversa,معلومات سيئة,,,,
广告,Advertisement,Iklan,Publicidad,إعلانات,,,,
上传图片失败!,Failed to upload picture!,Gagal mengungga gambar,No se ha podido cargar la imagen.,فشل تحميل الصورة!,,,,
拍照上传,Camera,Mengunggah foto,Haz fotos y súbelas,تصوير,,,,
本地相册,Album,Album ,Álbumes locales,البوم,,,,
把你此刻的感想告诉大家吧~~,Tell everyone your feelings at the moment~~,Beritahu semua orang apa yang kamu rasakan saat ini~~,Díganos lo que piensa en este momento~~,أخبر الجميع بمشاعرك في هذه اللحظة ~~,,,,
暂无话题数据哦~~,No topic data yet~~,Belum ada data topik ,Todavía no hay datos sobre el tema~~,لا توجد بيانات للموضوع بعد ~~,,,,
"你已投给%s ""红方""  ""蓝方""%s，写下你的理由，让大家更理解你的选择",,"Anda telah pilih「"" + ( ( == 1) ""Pihak merah"" ""pihak biru"") + ""」"" +  + "", tuliskan alasan anda, sehingga semua orang bisa lebih memihami pilihan anda","Ha votado por %s ""Rojo"" ""Azul"" %s escriba sus razones para hacer más comprensible su elección",,,,,
暂时还没有动态哦~~,No have moment yet~~,"Belum ada moment~~""",Por el momento no hay dinámica ~~,لا توجد لحظة بعد ~~,,,,
再点击%s次打开网络信息,,"Klik"" + (5 - ) + ""kali untuk membuka informasi internet","Haga clic de nuevo %s veces para abrir la información de la red"")",,,,,
手机号码不能为空,Mobile phone number cannot be empty,Nomor ponsel tidak bisa kosong ,El número de móvil no puede estar vacío,رقم الهاتف لا يمكن أن يكون فارغا,,,,
正在登录...,Logging in...,Sedang login,Entrando...,تسجيل الدخول ...,,,,
"密码长度6-16个字符""",Password length is 6-16 characters,"Panjang kata sandi adalah 6-16 karakter""","Longitud de la contraseña 6 - 16 caracteres""",طول كلمة المرور 6-16 حرف,,,,
正在上传请稍后...,Uploading please wait...,Sedang diupload harap tunggu...,"Por favor, espere mientras se carga...",جاري التحميل الرجاء الانتظار ...,,,,
请上传头像！,Please upload an avatar!,Silakan unggah avatar!,"Por favor, suba un retrato.",الرجاء تحميل الصورة الرمزية!,,,,
"请上传五官清晰的真人照片，才能获得更多的相亲机会哟""","Please upload photos of real people with clear facial features to get more blind date opportunities.""",Silahkan mengunggah foto asli yang jelas untuk mendapat kesempatan lebih banyak untuk peluang  mendapatkan pasangan,"Por favor, suba una foto de la vida real con rasgos faciales claros para tener más posibilidades de emparejamiento""","يرجى تحميل صور لأشخاص حقيقيين مع ملامح وجه واضحة للحصول على المزيد من فرص المواعدة العمياء "".",,,,
解除情侣,Remove CP,Hapus CP,Disolución de la pareja,إزالة CP,,,,
编辑资料,Edit profile,Mengedit informasi,Editar el material,تحرير بروفايل,,,,
是否要取消关注 %s,Want to unfollow %s,Apakah anda ingin berhenti mengikuti $,¿Quieres dejar de seguir %s,تريد إلغاء متابعة %s,,,,
是否要关注 %s,Want to follow %s ,Apakah mengikuti%s,¿Quieres seguir a %s?,تريد متابعة %s,,,,
是否取消拉黑,Want cancel add to blacklist,Apakah mengbatalkan blokir,Si se debe cancelar el negro,تريد إلغاء إضافة إلى القائمة السوداء,,,,
加入黑名单后，将不再收到对方信息,"After added to blacklist, you will not receive message from the other party","Setelah bergabung dengan daftar hitam, Anda tidak akan lagi menerima pesan dari pihak lain ","Después de la lista negra, ya no recibirán mensajes de los demás",بعد الإضافة إلى القائمة السوداء ، لن تستلم رسالة من الطرف الآخر,,,,
送礼加好友成功！你们可以私聊了,Successfully send gifts and add friends! You can chat privately,"Kirim hadiah untuk berteman berhasil, yo sekarang ngobrol",Regalo y amigo añadidos con éxito! Ahora puedes chatear en privado,أرسل الهدايا وأضف الأصدقاء بنجاح! يمكنك الدردشة الخاصة,,,,
跳转房间将会从当前房间退出哦，确定要进入该房间吗？,Jumping to the room will exit from the current room. Are you sure you want to enter this room?,"Masuk ruangan ini akan keluar dari ruangan saat ini, yakin masuk ruangan ini?","Al saltar a una sala se saldrá de la sala actual, ¿estás seguro de que quieres entrar en esa sala?",القفز إلى الغرفة سيخرج من الغرفة الحالية. هل تتأكد أنك تريد دخول هذه الغرفة؟,,,,
复制成功!,Copied successfully!,Salin berhasil,Éxito en la reproducción!,تم النسخ بنجاح!,,,,
复制用户失败,Failed to copy ID,Salin gagal,Fallo al copiar el usuario,فشل نسخ ID,,,,
,,,,,,,,
政治敏感,Politically sensitive,Politik,Sensibilidad política,حساسة سياسيا,,,,
色情低俗,Pornographic vulgarity,Vulgaritas pornografi,Vulgaridad pornográfica,ابتذال إباحي,,,,
广告骚扰,Advertising harassment,Pelecehan Iklan,Acoso publicitario,مضايقات إعلانية,,,,
人身攻击,Personal attacks,Serangan pribadi,Ataque personal,هجمات شخصية,,,,
举报成功，我们会尽快为您处理,"The report is successful, we will deal with it as soon as possible","Laporkan berhasil, kami akan menyelesaikannya dengan secepatnya ",El informe es exitoso y nos ocuparemos de él lo antes posible,إبلاغ ناجح وسوف نتعامل معه في أسرع وقت,,,,
您已退出该群聊！,You have exited this group chat!,Anda telah keluar grup ini ,Has abandonado este chat de grupo!,لقد خرجت من هذه الدردشة الجماعية!,,,,
余额不足，是否充值？,"Insufficient balance, do you want to recharge?","Saldo tidak cukup, apakah top up?",¿El saldo es bajo y se ha rellenado?,رصيد غير كافي، هل تريد إعادة الشحن؟,,,,
举报用户,Report user,Laporkan pengguna,Informar al usuario,إبلاغ عن مستخدم,,,,
取消,Cancel,Batal,Cancelar,إلغاء,,,,
邀请加入家族,Invite to join the tribe,Undang untuk bergabung ke keluarga,Invitar a unirse a la familia,دعوة للانضمام إلى القبيلة,,,,
确定邀请%s加入您的家族吗？,Are you sure to invite %s to join your tribe?,Yakin mengundang %s bergabung ke keluarga?,¿Seguro que quiere invitar a %s a unirse a su familia?,هل تتأكد من دعوة %s للانضمام إلى قبيلتك؟,,,,
对方正在输入...,The other party is typing...,Sedang mengetik,La otra parte está escribiendo...,الطرف الآخر يكتب ...,,,,
语音发送失败；,Failed to send voice;,Suara gagal dikirim ,Fallo en el envío de la voz.,فشل في إرسال الصوت.,,,,
获取群组信息失败!,Failed to get group information!,Gagal mendapatkan informasi grup!,No se ha conseguido la información del grupo.,فشل في الحصول على معلومات المجموعة!,,,,
正在转换,Conversion in progress,Sedang ganti ,Convirtiendo,جاري التحويل ,,,,
参数错误,Parameter error,Kesalahan parameter,Error en los parámetros,خطأ في المعلمة,,,,
大小:,Size:,Ukuran:,Tamaño:,حجم:,,,,
时长: %s 秒,Duration: %s seconds,Durasidan mengirim%s detik,Duración: %s segundos,مدة:%s ثواني,,,,
长按开始录制,Long press to start recording,Tekan untuk mulai merekam,Pulsación larga para iniciar la grabación,اضغط مع الاستمرار لبدء التسجيل,,,,
语音时长不能少于3秒,Voice duration cannot be less than 3 seconds,Durasia tidak bisa kurang dari 3 detik ,La duración de la voz no debe ser inferior a 3 segundos,مدة الصوت لا يمكن أن تكون أقل من 3 ثوانٍ,,,,
录制完成,Recording completed,Perekaman selesai,Grabación finalizada,اكتمل التسجيل,,,,
长按开始录制,Long press to start recording,Tekan untuk mulai merekam,Pulsación larga para iniciar la grabación,اضغط مع الاستمرار لبدء التسجيل,,,,
对有好感～选择继续聊天？,Have a good opinion of ~ choose to continue chatting?,Pilih terus ngobrol ,¿Tienes un flechazo con ~ elegir seguir chateando?,هل لديك رأي جيد في ~ اختر مواصلة الدردشة؟,,,,
未选中赠送的礼物哦~~,Unselected gift~~,Belum pilih hadiah yang dikirim,Regalos no seleccionados,هدية غير مختارة ~~,,,,
加入群聊,Join group chat,Bergabung ke grup ,Únase al chat de grupo,انضم إلى دردشة جماعية,,,,
名称被更新为,Name is updated to,Namanya diperbarui menjadi,El nombre se ha actualizado a,تم تحديث الاسم إلى,,,,
被更新为,Be updated to,Telah diperbarui ke,se actualizó a,يتم تحديثه إلى,,,,
发送失败，LAMI LIVE提醒您文明用语,"Sending failed, Lami Live reminds you of civilized language","Gagal dikirim, Lami mengingatkan anda bahwa menggunakan bahasa sopan","El envío falla, Lami te recuerda el lenguaje civilizado",فشل الإرسال ، لامي لايف يذكرك باللغة المتحضرة,,,,
某些手机,Some phones,Suatu ponsel,Algunos teléfonos móviles,بعض الهواتف,,,,
请先初始化连接,Please initialize the connection,Silakan inisialisasi koneksi dulu ,"Por favor, inicialice la conexión primero",يرجى تهيئة الاتصال,,,,
房间类型,Room type,Tipe ruangan,Tipo de habitación,نوع الغرفة,,,,
有效时间为一个小时,Effective time is 1 hour,Waktu efektif adalah satu jam,Válido para una hora,الوقت الفعلي 1 ساعة,,,,
请输入您要反馈的内容,Please input what you want to feedback,Silakan masukkan konten yang ingin anda umpan balik,"Por favor, introduzca su opinión",الرجاء إدخال ما تريده للتعليق,,,,
已经是最新版本,Already the latest version,Telah versi terbaru,Ya está la última versión,بالفعل أحدث إصدار,,,,
检测到有最新的版本是否更新,"Found the latest version, whether to update","Versi terbaru terdeteksi, apakah memperbaruinya",Actualizar si se detecta la última versión, يكتشف على أحدث إصدار، سواء للتحديث,,,,
更新,Update,memperbarui,Actualizaciones,تحديث,,,,
取消,Cancel,Batal,Cancelar,إلغاء,,,,
日期选择,Choose date,Pemilihan tanggal,Selección de fecha,اختر التاريخ,,,,
日收入：,Daily income:,Penghasilan harian,Ingresos diarios.,الدخل اليومي:,,,,
确认购买%s并赠送给%s,Confirm to buy %s and send it to %s?,Yakin membeli%s dan mengirim%s,Confirmación de la compra de %s y del regalo de %s ?,هل تتأكد شراء %s وإرسالها إلى%s ؟ ,,,,
赠送礼物成功,Send gift successfully,Berhasil dikirim ,Éxito de los regalos,أرسل هدية بنجاح,,,,
今日签到成功 累计签到,"Today sign-in is successful, accumulated sign-in","Absen berhasil hari ini, akumulasi absen",Éxito del check-in de hoy Check-in acumulado,اليوم تسجيل الدخول ناجح ، تسجيل دخول تراكمي,,,,
没有获取到用户身份数据,No user identity data is got,Tidak memperoleh data pengguna ,No se obtuvieron datos de identificación del usuario,لم يتم الحصول على بيانات هوية المستخدم,,,,
没有获取到用户信息,User information was not got,Tidak memperoleh informasi pengguna,No se ha obtenido información del usuario,لم يتم الحصول على معلومات المستخدم,,,,
结束认证,End authentication,,Fin de la acreditación,إنهاء المصادقة,,,,
恭喜你通过实名认证！,Congratulations you passing the real-name authentication!,Selamat anda telah melewati sertifikasi nama asli,¡Felicitaciones por su certificación de nombre real!,مبروك، لقد اجتزت مصادقة الاسم الحقيقي!,,,,
重新认证,Re-authentication,Sertifikasi ulang,Re-certificación,إعادة المصادقة,,,,
认证失败,Authentication failed,Sertifikasi gagal,Fallo de autentificación,المصادقة فشلت,,,,
复制成功,Successfully copied,Salin berhasil ,Éxito de la reproducción,تم النسخ بنجاح,,,,
填写邀请码,Fill in the invitation code,Maukkan kode undangan,Rellene el código de invitación,املأ رمز الدعوة,,,,
请输入邀请人的邀请码,Please enter the invite code of the inviter,Silahkan masukkan kode undangan,"Por favor, introduzca el código de invitación del invitado",الرجاء إدخال رمز دعوة الداعي,,,,
当前没有选择项目,No items currently selected,Saat ini tidak ada pilih program,No hay elementos seleccionados actualmente,لم يتم تختار أي عناصر حاليًا,,,,
请先选择项目,Please select the item first,Silahkan pilih program dl ,"Por favor, seleccione primero el artículo",الرجاء اختر العنصر أولا,,,,
到期时间:,Expire date:,,Tiempo de caducidad:,تاريخ انتهاء الصلاحية:,,,,
暂无搜索的群聊数据哦,No search data for group chats yet,,No hay datos de chat de grupo disponibles en este momento,لا توجد بيانات بحث عن الدردشات الجماعية حتى الآن,,,,
是否将%s移除黑名单列表？,Do you want remove %s from the blacklist?,Apakah mengelurkan %s dari daftar hitam,¿Quieres eliminar a %s de la lista negra?,هل تريد إزالة %s من القائمة السوداء؟,,,,
嘉宾信息,Guest information,Informasi tamu ,Información de invitados,معلومات الضيف,,,,
守护榜,Guardian rank,Peringkat penjaga,Lista de guardianes,ترتيب الحامي,,,,
踢出嘉宾团,Kick out the guest group,mengusir dari grup tamu,Echar al panel de invitados,طرد مجموعة الضيوف,,,,
确认将%s踢出嘉宾团？,Are you sure to kick %s from the guest group?,Yakin mengusir%s dari grup tamu ,"¿Confirmando que %s será expulsado del grupo de invitados?
",هل تتأكد من طرد %s  من مجموعة الضيوف؟,,,,
相亲记录,,,El registro de los partidos,,,,,
确定要添加 %s 为好友吗？,Are you sure add %s as a friend?,Yakin menambahkan%s sebagai sahabat?,¿Estás seguro de que quieres añadir %s como amigo?,هل تتأكد من إضافة %s كصديق؟,,,,
确定要拒绝 %s  的好友申请吗？,Are you sure reject the %s friend request?,Yakin menolak permintaan berteman%s,¿Está seguro de que quiere rechazar %s ¿solicitud de amistad?,هل تتأكد من رفض طلب الصداقة %s ؟,,,,
背景正在审核中\请耐心等待,The background is under review\Please wait patiently,Latar belakang sedang ditinjau\Mohon tunggu dengan sabar,"Los fondos están siendo revisados, por favor sea paciente",الخلفية في المراجعة \ الرجاء الانتظار بصبر,,,,
审核结果将会由官方客服通知您。,The result of the review will be notified to you by the official customer service.,Hasil review akan diberitahukan kepada anda oleh layanan pelanggan resmi.,El servicio oficial de atención al cliente le notificará el resultado de la revisión.,سيتم إخطارك بنتيجة المراجعة من قبل خدمة العملاء الرسمية.,,,,
温馨提示,Tips,Tips,Consejos cálidos,نصائح,,,,